Initialized native services in: /home/jules/.gradle/native
Initialized jansi services in: /home/jules/.gradle/native
Removing 0 daemon stop events from registry
Previous Daemon (1640) stopped at Sat Feb 28 11:07:43 UTC 2026 stop command received
Starting a Gradle Daemon, 1 stopped Daemon could not be reused, use --status for details
Starting process 'Gradle build daemon'. Working directory: /home/jules/.gradle/daemon/8.13 Command: /usr/lib/jvm/java-21-openjdk-amd64/bin/java --add-opens=java.base/java.lang=ALL-UNNAMED --add-opens=java.base/java.lang.invoke=ALL-UNNAMED --add-opens=java.base/java.util=ALL-UNNAMED --add-opens=java.prefs/java.util.prefs=ALL-UNNAMED --add-exports=jdk.compiler/com.sun.tools.javac.api=ALL-UNNAMED --add-exports=jdk.compiler/com.sun.tools.javac.util=ALL-UNNAMED --add-opens=java.base/java.util=ALL-UNNAMED --add-opens=java.prefs/java.util.prefs=ALL-UNNAMED --add-opens=java.base/java.nio.charset=ALL-UNNAMED --add-opens=java.base/java.net=ALL-UNNAMED --add-opens=java.base/java.util.concurrent.atomic=ALL-UNNAMED --add-opens=java.xml/javax.xml.namespace=ALL-UNNAMED -Xmx2048m -Dfile.encoding=UTF-8 -Duser.country -Duser.language=en -Duser.variant -cp /home/jules/.gradle/wrapper/dists/gradle-8.13-bin/5xuhj0ry160q40clulazy9h7d/gradle-8.13/lib/gradle-daemon-main-8.13.jar -javaagent:/home/jules/.gradle/wrapper/dists/gradle-8.13-bin/5xuhj0ry160q40clulazy9h7d/gradle-8.13/lib/agents/gradle-instrumentation-agent-8.13.jar org.gradle.launcher.daemon.bootstrap.GradleDaemon 8.13
Successfully started process 'Gradle build daemon'
An attempt to start the daemon took 1.308 secs.
The client will now receive all logging from the daemon (pid: 2379). The daemon log file: /home/jules/.gradle/daemon/8.13/daemon-2379.out.log
Starting build in new daemon [memory: 2 GiB]
Using 4 worker leases.
Received JVM installation metadata from '/usr/lib/jvm/java-21-openjdk-amd64': {JAVA_HOME=/usr/lib/jvm/java-21-openjdk-amd64, JAVA_VERSION=21.0.9, JAVA_VENDOR=Ubuntu, RUNTIME_NAME=OpenJDK Runtime Environment, RUNTIME_VERSION=21.0.9+10-Ubuntu-124.04, VM_NAME=OpenJDK 64-Bit Server VM, VM_VERSION=21.0.9+10-Ubuntu-124.04, VM_VENDOR=Ubuntu, OS_ARCH=amd64}
Watching the file system is configured to be enabled if available
Not watching /app since the file system is not supported
File system watching is active
Starting Build
Settings evaluated using settings file '/app/settings.gradle.kts'.
Projects loaded. Root project using build file '/app/build.gradle.kts'.
Included projects: [root project 'Novel Scraper', project ':app']

> Configure project :
Evaluating root project 'Novel Scraper' using build file '/app/build.gradle.kts'.
Resolved plugin [id: 'com.android.application', version: '8.13.0', apply: false]
Resolved plugin [id: 'org.jetbrains.kotlin.android', version: '2.1.0', apply: false]
Resolved plugin [id: 'org.jetbrains.kotlin.plugin.compose', version: '2.1.0', apply: false]
Resolved plugin [id: 'com.google.dagger.hilt.android', version: '2.54', apply: false]
Resolved plugin [id: 'com.google.devtools.ksp', version: '2.1.0-1.0.29', apply: false]
Resolved plugin [id: 'org.jetbrains.kotlin.plugin.serialization', version: '2.1.0', apply: false]

> Configure project :app
Evaluating project ':app' using build file '/app/app/build.gradle.kts'.
Resolved plugin [id: 'com.android.application', version: '8.13.0']
Resolved plugin [id: 'org.jetbrains.kotlin.android', version: '2.1.0']
Resolved plugin [id: 'org.jetbrains.kotlin.plugin.compose', version: '2.1.0']
Resolved plugin [id: 'com.google.dagger.hilt.android', version: '2.54']
Resolved plugin [id: 'com.google.devtools.ksp', version: '2.1.0-1.0.29']
Resolved plugin [id: 'org.jetbrains.kotlin.plugin.serialization', version: '2.1.0']
Using default execution profile
Using Kotlin Gradle Plugin gradle85 variant
Detected Android Gradle Plugin compose compiler configuration
Detected Android Gradle Plugin compose compiler configuration
Detected Android Gradle Plugin compose compiler configuration
Detected Android Gradle Plugin compose compiler configuration
Detected Android Gradle Plugin compose compiler configuration
All projects evaluated.
Task path ':app:testDebugUnitTest' matched project ':app'
Task name matched 'testDebugUnitTest'
Selected primary task 'testDebugUnitTest' from project :app
Adding -Xuse-inline-scopes-numbers Kotlin compiler flag for task :app:compileDebugKotlin
Tasks to be executed: [task ':app:preBuild', task ':app:preDebugBuild', task ':app:checkKotlinGradlePluginConfigurationErrors', task ':app:checkDebugAarMetadata', task ':app:processDebugNavigationResources', task ':app:compileDebugNavigationResources', task ':app:generateDebugResValues', task ':app:mapDebugSourceSetPaths', task ':app:generateDebugResources', task ':app:mergeDebugResources', task ':app:packageDebugResources', task ':app:parseDebugLocalResources', task ':app:createDebugCompatibleScreenManifests', task ':app:extractDeepLinksDebug', task ':app:processDebugMainManifest', task ':app:processDebugManifest', task ':app:processDebugManifestForPackage', task ':app:processDebugResources', task ':app:kspDebugKotlin', task ':app:compileDebugKotlin', task ':app:javaPreCompileDebug', task ':app:compileDebugJavaWithJavac', task ':app:hiltAggregateDepsDebug', task ':app:hiltJavaCompileDebug', task ':app:transformDebugClassesWithAsm', task ':app:bundleDebugClassesToRuntimeJar', task ':app:preDebugUnitTestBuild', task ':app:processDebugJavaRes', task ':app:bundleDebugClassesToCompileJar', task ':app:kspDebugUnitTestKotlin', task ':app:compileDebugUnitTestKotlin', task ':app:javaPreCompileDebugUnitTest', task ':app:compileDebugUnitTestJavaWithJavac', task ':app:hiltAggregateDepsDebugUnitTest', task ':app:hiltJavaCompileDebugUnitTest', task ':app:processDebugUnitTestJavaRes', task ':app:transformDebugUnitTestClassesWithAsm', task ':app:testDebugUnitTest']
Tasks that were excluded: []
work action Parameters of IdentityTransform (Thread[#58,Execution worker,5,main]) started.
work action Parameters of CopyTransform (Thread[#58,Execution worker,5,main]) started.
work action Parameters of AggregatedPackagesTransform (Thread[#58,Execution worker,5,main]) started.
Resolve mutations for :app:preBuild (Thread[#58,Execution worker,5,main]) started.
:app:preBuild (Thread[#58,Execution worker,5,main]) started.

> Task :app:preBuild UP-TO-DATE
Skipping task ':app:preBuild' as it has no actions.
Resolve mutations for :app:preDebugBuild (Thread[#58,Execution worker,5,main]) started.
:app:preDebugBuild (Thread[#58,Execution worker,5,main]) started.

> Task :app:preDebugBuild UP-TO-DATE
Skipping task ':app:preDebugBuild' as it has no actions.
Resolve mutations for :app:checkKotlinGradlePluginConfigurationErrors (Thread[#58,Execution worker,5,main]) started.
:app:checkKotlinGradlePluginConfigurationErrors (Thread[#58,Execution worker,5,main]) started.

> Task :app:checkKotlinGradlePluginConfigurationErrors SKIPPED
Skipping task ':app:checkKotlinGradlePluginConfigurationErrors' as task onlyIf 'errorDiagnostics are present' is false.
Resolve mutations for :app:checkDebugAarMetadata (Thread[#58,Execution worker,5,main]) started.
:app:checkDebugAarMetadata (Thread[#58,Execution worker,5,main]) started.

> Task :app:checkDebugAarMetadata UP-TO-DATE
Caching disabled for task ':app:checkDebugAarMetadata' because:
  Build cache is disabled
  Caching has been disabled for the task
Skipping task ':app:checkDebugAarMetadata' as it is up-to-date.
Resolve mutations for :app:processDebugNavigationResources (Thread[#58,Execution worker,5,main]) started.
:app:processDebugNavigationResources (Thread[#58,Execution worker,5,main]) started.

> Task :app:processDebugNavigationResources UP-TO-DATE
Caching disabled for task ':app:processDebugNavigationResources' because:
  Build cache is disabled
Skipping task ':app:processDebugNavigationResources' as it is up-to-date.
Resolve mutations for :app:compileDebugNavigationResources (Thread[#57,included builds,5,main]) started.
:app:compileDebugNavigationResources (Thread[#57,included builds,5,main]) started.

> Task :app:compileDebugNavigationResources UP-TO-DATE
Caching disabled for task ':app:compileDebugNavigationResources' because:
  Build cache is disabled
Skipping task ':app:compileDebugNavigationResources' as it is up-to-date.
Resolve mutations for :app:generateDebugResValues (Thread[#57,included builds,5,main]) started.
:app:generateDebugResValues (Thread[#57,included builds,5,main]) started.

> Task :app:generateDebugResValues UP-TO-DATE
Caching disabled for task ':app:generateDebugResValues' because:
  Build cache is disabled
Skipping task ':app:generateDebugResValues' as it is up-to-date.
Resolve mutations for :app:mapDebugSourceSetPaths (Thread[#57,included builds,5,main]) started.
:app:mapDebugSourceSetPaths (Thread[#57,included builds,5,main]) started.

> Task :app:mapDebugSourceSetPaths UP-TO-DATE
Caching disabled for task ':app:mapDebugSourceSetPaths' because:
  Build cache is disabled
  Caching has been disabled for the task
Skipping task ':app:mapDebugSourceSetPaths' as it is up-to-date.
Resolve mutations for :app:generateDebugResources (Thread[#57,included builds,5,main]) started.
:app:generateDebugResources (Thread[#57,included builds,5,main]) started.

> Task :app:generateDebugResources UP-TO-DATE
Caching disabled for task ':app:generateDebugResources' because:
  Build cache is disabled
Skipping task ':app:generateDebugResources' as it is up-to-date.
Resolve mutations for :app:mergeDebugResources (Thread[#57,included builds,5,main]) started.
:app:mergeDebugResources (Thread[#57,included builds,5,main]) started.

> Task :app:mergeDebugResources UP-TO-DATE
Caching disabled for task ':app:mergeDebugResources' because:
  Build cache is disabled
Skipping task ':app:mergeDebugResources' as it is up-to-date.
Resolve mutations for :app:packageDebugResources (Thread[#57,included builds,5,main]) started.
:app:packageDebugResources (Thread[#57,included builds,5,main]) started.

> Task :app:packageDebugResources UP-TO-DATE
Caching disabled for task ':app:packageDebugResources' because:
  Build cache is disabled
Skipping task ':app:packageDebugResources' as it is up-to-date.
Resolve mutations for :app:parseDebugLocalResources (Thread[#57,included builds,5,main]) started.
:app:parseDebugLocalResources (Thread[#57,included builds,5,main]) started.

> Task :app:parseDebugLocalResources UP-TO-DATE
Caching disabled for task ':app:parseDebugLocalResources' because:
  Build cache is disabled
Skipping task ':app:parseDebugLocalResources' as it is up-to-date.
Resolve mutations for :app:createDebugCompatibleScreenManifests (Thread[#60,Execution worker Thread 3,5,main]) started.
:app:createDebugCompatibleScreenManifests (Thread[#60,Execution worker Thread 3,5,main]) started.

> Task :app:createDebugCompatibleScreenManifests UP-TO-DATE
Caching disabled for task ':app:createDebugCompatibleScreenManifests' because:
  Build cache is disabled
  Caching has been disabled for the task
Skipping task ':app:createDebugCompatibleScreenManifests' as it is up-to-date.
Resolve mutations for :app:extractDeepLinksDebug (Thread[#57,included builds,5,main]) started.
:app:extractDeepLinksDebug (Thread[#57,included builds,5,main]) started.

> Task :app:extractDeepLinksDebug UP-TO-DATE
Caching disabled for task ':app:extractDeepLinksDebug' because:
  Build cache is disabled
Skipping task ':app:extractDeepLinksDebug' as it is up-to-date.
Resolve mutations for :app:processDebugMainManifest (Thread[#57,included builds,5,main]) started.
:app:processDebugMainManifest (Thread[#57,included builds,5,main]) started.

> Task :app:processDebugMainManifest UP-TO-DATE
Caching disabled for task ':app:processDebugMainManifest' because:
  Build cache is disabled
Skipping task ':app:processDebugMainManifest' as it is up-to-date.
Resolve mutations for :app:processDebugManifest (Thread[#57,included builds,5,main]) started.
:app:processDebugManifest (Thread[#57,included builds,5,main]) started.

> Task :app:processDebugManifest UP-TO-DATE
Caching disabled for task ':app:processDebugManifest' because:
  Build cache is disabled
Skipping task ':app:processDebugManifest' as it is up-to-date.
Resolve mutations for :app:processDebugManifestForPackage (Thread[#60,Execution worker Thread 3,5,main]) started.
:app:processDebugManifestForPackage (Thread[#60,Execution worker Thread 3,5,main]) started.

> Task :app:processDebugManifestForPackage UP-TO-DATE
Custom actions are attached to task ':app:processDebugManifestForPackage'.
Caching disabled for task ':app:processDebugManifestForPackage' because:
  Build cache is disabled
Skipping task ':app:processDebugManifestForPackage' as it is up-to-date.
Resolve mutations for :app:processDebugResources (Thread[#60,Execution worker Thread 3,5,main]) started.
:app:processDebugResources (Thread[#60,Execution worker Thread 3,5,main]) started.

> Task :app:processDebugResources UP-TO-DATE
Caching disabled for task ':app:processDebugResources' because:
  Build cache is disabled
Skipping task ':app:processDebugResources' as it is up-to-date.
Resolve mutations for :app:kspDebugKotlin (Thread[#60,Execution worker Thread 3,5,main]) started.
:app:kspDebugKotlin (Thread[#60,Execution worker Thread 3,5,main]) started.

> Task :app:kspDebugKotlin UP-TO-DATE
file or directory '/app/app/src/debug/kotlin', not found
file or directory '/app/app/src/debug/java', not found
file or directory '/app/app/src/main/kotlin', not found
file or directory '/app/app/src/debug/java', not found
Adding -Xuse-inline-scopes-numbers Kotlin compiler flag for task :app:compileDebugAndroidTestKotlin
file or directory '/app/app/src/debug/kotlin', not found
file or directory '/app/app/src/debug/java', not found
file or directory '/app/app/src/main/kotlin', not found
file or directory '/app/app/src/debug/java', not found
Caching disabled for task ':app:kspDebugKotlin' because:
  Build cache is disabled
Skipping task ':app:kspDebugKotlin' as it is up-to-date.
Resolve mutations for :app:compileDebugKotlin (Thread[#60,Execution worker Thread 3,5,main]) started.
:app:compileDebugKotlin (Thread[#60,Execution worker Thread 3,5,main]) started.

> Task :app:compileDebugKotlin UP-TO-DATE
Caching disabled for task ':app:compileDebugKotlin' because:
  Build cache is disabled
Skipping task ':app:compileDebugKotlin' as it is up-to-date.
Resolve mutations for :app:javaPreCompileDebug (Thread[#60,Execution worker Thread 3,5,main]) started.
:app:javaPreCompileDebug (Thread[#60,Execution worker Thread 3,5,main]) started.

> Task :app:javaPreCompileDebug UP-TO-DATE
Caching disabled for task ':app:javaPreCompileDebug' because:
  Build cache is disabled
Skipping task ':app:javaPreCompileDebug' as it is up-to-date.
Resolve mutations for :app:compileDebugJavaWithJavac (Thread[#60,Execution worker Thread 3,5,main]) started.
:app:compileDebugJavaWithJavac (Thread[#60,Execution worker Thread 3,5,main]) started.

> Task :app:compileDebugJavaWithJavac
Deleting stale output file: /app/app/build/intermediates/javac/debug/compileDebugJavaWithJavac/classes
Deleting stale output file: /app/app/build/generated/ap_generated_sources/debug/out
file or directory '/app/app/build/generated/ksp/debug/classes', not found
file or directory '/app/app/build/generated/ksp/debug/classes', not found
Custom actions are attached to task ':app:compileDebugJavaWithJavac'.
Caching disabled for task ':app:compileDebugJavaWithJavac' because:
  Build cache is disabled
Task ':app:compileDebugJavaWithJavac' is not up-to-date because:
  No history is available.
The input changes require a full rebuild for incremental task ':app:compileDebugJavaWithJavac'.
Compilation mode: in-process compilation
file or directory '/app/app/build/generated/ksp/debug/classes', not found
Full recompilation is required because no incremental change information is available. This is usually caused by clean builds or changing compiler arguments.
Compiling with toolchain '/usr/lib/jvm/java-21-openjdk-amd64'.
file or directory '/app/app/src/debug/java', not found
Compiling with JDK Java compiler API.
Class dependency analysis for incremental compilation took 0.064 secs.
Created classpath snapshot for incremental compilation in 4.212 secs.
Resolve mutations for :app:hiltAggregateDepsDebug (Thread[#60,Execution worker Thread 3,5,main]) started.
:app:hiltAggregateDepsDebug (Thread[#60,Execution worker Thread 3,5,main]) started.

> Task :app:hiltAggregateDepsDebug
Caching disabled for AarToClassTransform: /home/jules/.gradle/caches/modules-2/files-2.1/androidx.hilt/hilt-navigation-compose/1.2.0/d54c5166aca7bdaa595a8b952ff4d9d19a5ada10/hilt-navigation-compose-1.2.0.aar because:
  Build cache is disabled
  Caching not enabled.
Caching disabled for AarToClassTransform: /home/jules/.gradle/caches/modules-2/files-2.1/androidx.hilt/hilt-navigation/1.2.0/172a6ed851b46928d0dc290f2f82e356b63ed523/hilt-navigation-1.2.0.aar because:
  Build cache is disabled
  Caching not enabled.
Caching disabled for AarToClassTransform: /app/app/libs/llmedge-release.aar because:
  Build cache is disabled
  Caching not enabled.
Caching disabled for AarToClassTransform: /home/jules/.gradle/caches/modules-2/files-2.1/androidx.navigation/navigation-common/2.8.5/b1545ca83a1975d297fddc0280110ba2160509bb/navigation-common-2.8.5.aar because:
  Build cache is disabled
  Caching not enabled.
Caching disabled for IdentityTransform: /home/jules/.gradle/caches/8.13/transforms/7b893b0d7a1e54c5c5954ce09927b49e/transformed/hilt-navigation-1.2.0-runtime.jar because:
  Build cache is disabled
  Caching not enabled.
Caching disabled for IdentityTransform: /home/jules/.gradle/caches/8.13/transforms/4064e2c9e909643bb935540845e54a9c/transformed/hilt-navigation-compose-1.2.0-runtime.jar because:
  Build cache is disabled
  Caching not enabled.
Caching disabled for CopyTransform: /home/jules/.gradle/caches/8.13/transforms/4064e2c9e909643bb935540845e54a9c/transformed/hilt-navigation-compose-1.2.0-runtime.jar because:
  Build cache is disabled
  Caching not enabled.
Caching disabled for CopyTransform: /home/jules/.gradle/caches/8.13/transforms/7b893b0d7a1e54c5c5954ce09927b49e/transformed/hilt-navigation-1.2.0-runtime.jar because:
  Build cache is disabled
  Caching not enabled.
Caching disabled for AggregatedPackagesTransform: /home/jules/.gradle/caches/8.13/transforms/7b893b0d7a1e54c5c5954ce09927b49e/transformed/hilt-navigation-1.2.0-runtime.jar because:
  Build cache is disabled
Caching disabled for IdentityTransform: /home/jules/.gradle/caches/8.13/transforms/4007c03e9f5aa8e023c20a6b65ede247/transformed/llmedge-release-runtime.jar because:
  Build cache is disabled
  Caching not enabled.
Caching disabled for AggregatedPackagesTransform: /home/jules/.gradle/caches/8.13/transforms/4064e2c9e909643bb935540845e54a9c/transformed/hilt-navigation-compose-1.2.0-runtime.jar because:
  Build cache is disabled
Caching disabled for IdentityTransform: /home/jules/.gradle/caches/8.13/transforms/ad54524ce3e22a55f7179bee48b9c081/transformed/navigation-common-2.8.5-runtime.jar because:
  Build cache is disabled
  Caching not enabled.
Caching disabled for AarToClassTransform: /home/jules/.gradle/caches/modules-2/files-2.1/androidx.navigation/navigation-common-ktx/2.8.5/8aa4c1f32ba06a3a18fc58322b5abad0c20a62b0/navigation-common-ktx-2.8.5.aar because:
  Build cache is disabled
  Caching not enabled.
Caching disabled for AarToClassTransform: /home/jules/.gradle/caches/modules-2/files-2.1/androidx.navigation/navigation-runtime/2.8.5/d11cd2d4d579fd694c39e2beb5df4c25e79db096/navigation-runtime-2.8.5.aar because:
  Build cache is disabled
  Caching not enabled.
Caching disabled for CopyTransform: /home/jules/.gradle/caches/8.13/transforms/ad54524ce3e22a55f7179bee48b9c081/transformed/navigation-common-2.8.5-runtime.jar because:
  Build cache is disabled
  Caching not enabled.
Caching disabled for IdentityTransform: /home/jules/.gradle/caches/8.13/transforms/f0be6542f7c8316b92882ed96cae5893/transformed/navigation-common-ktx-2.8.5-runtime.jar because:
  Build cache is disabled
  Caching not enabled.
Caching disabled for CopyTransform: /home/jules/.gradle/caches/8.13/transforms/4007c03e9f5aa8e023c20a6b65ede247/transformed/llmedge-release-runtime.jar because:
  Build cache is disabled
  Caching not enabled.
Caching disabled for AggregatedPackagesTransform: /home/jules/.gradle/caches/8.13/transforms/ad54524ce3e22a55f7179bee48b9c081/transformed/navigation-common-2.8.5-runtime.jar because:
  Build cache is disabled
Caching disabled for IdentityTransform: /home/jules/.gradle/caches/8.13/transforms/2434b844dd64274bfd53ec4ee1f8bd5a/transformed/navigation-runtime-2.8.5-runtime.jar because:
  Build cache is disabled
  Caching not enabled.
Caching disabled for AarToClassTransform: /home/jules/.gradle/caches/modules-2/files-2.1/androidx.navigation/navigation-runtime-ktx/2.8.5/4a205398662a250ed752cef382fa09cad71f7905/navigation-runtime-ktx-2.8.5.aar because:
  Build cache is disabled
  Caching not enabled.
Caching disabled for CopyTransform: /home/jules/.gradle/caches/8.13/transforms/f0be6542f7c8316b92882ed96cae5893/transformed/navigation-common-ktx-2.8.5-runtime.jar because:
  Build cache is disabled
  Caching not enabled.
Caching disabled for AggregatedPackagesTransform: /home/jules/.gradle/caches/8.13/transforms/4007c03e9f5aa8e023c20a6b65ede247/transformed/llmedge-release-runtime.jar because:
  Build cache is disabled
Caching disabled for CopyTransform: /home/jules/.gradle/caches/8.13/transforms/2434b844dd64274bfd53ec4ee1f8bd5a/transformed/navigation-runtime-2.8.5-runtime.jar because:
  Build cache is disabled
  Caching not enabled.
Caching disabled for IdentityTransform: /home/jules/.gradle/caches/8.13/transforms/94123f7e3aad4299e8084699a6283cb0/transformed/navigation-runtime-ktx-2.8.5-runtime.jar because:
  Build cache is disabled
  Caching not enabled.
Caching disabled for AggregatedPackagesTransform: /home/jules/.gradle/caches/8.13/transforms/f0be6542f7c8316b92882ed96cae5893/transformed/navigation-common-ktx-2.8.5-runtime.jar because:
  Build cache is disabled
Caching disabled for AarToClassTransform: /home/jules/.gradle/caches/modules-2/files-2.1/androidx.navigation/navigation-compose/2.8.5/fdb67df4829e9141999151f55d85fd590623ef41/navigation-compose-2.8.5.aar because:
  Build cache is disabled
  Caching not enabled.
Caching disabled for CopyTransform: /home/jules/.gradle/caches/8.13/transforms/94123f7e3aad4299e8084699a6283cb0/transformed/navigation-runtime-ktx-2.8.5-runtime.jar because:
  Build cache is disabled
  Caching not enabled.
Caching disabled for AggregatedPackagesTransform: /home/jules/.gradle/caches/8.13/transforms/2434b844dd64274bfd53ec4ee1f8bd5a/transformed/navigation-runtime-2.8.5-runtime.jar because:
  Build cache is disabled
Caching disabled for AggregatedPackagesTransform: /home/jules/.gradle/caches/8.13/transforms/94123f7e3aad4299e8084699a6283cb0/transformed/navigation-runtime-ktx-2.8.5-runtime.jar because:
  Build cache is disabled
Caching disabled for AarToClassTransform: /home/jules/.gradle/caches/modules-2/files-2.1/com.google.dagger/hilt-android/2.54/d2e067ce0757775aca168671a1cd143790ed3c06/hilt-android-2.54.aar because:
  Build cache is disabled
  Caching not enabled.
Caching disabled for AarToClassTransform: /home/jules/.gradle/caches/modules-2/files-2.1/androidx.fragment/fragment/1.5.1/39660bdcb1ed2c71e181ec3ac7dbfa65fc0f701f/fragment-1.5.1.aar because:
  Build cache is disabled
  Caching not enabled.
Caching disabled for AarToClassTransform: /home/jules/.gradle/caches/modules-2/files-2.1/androidx.compose.material3/material3-android/1.3.1/98016d623b96c25adbc6498aabf07507de258a62/material3-release.aar because:
  Build cache is disabled
  Caching not enabled.
Caching disabled for IdentityTransform: /home/jules/.gradle/caches/8.13/transforms/196214caf638bf4dcee9de64f38dc8f9/transformed/hilt-android-2.54-runtime.jar because:
  Build cache is disabled
  Caching not enabled.
Caching disabled for CopyTransform: /home/jules/.gradle/caches/8.13/transforms/196214caf638bf4dcee9de64f38dc8f9/transformed/hilt-android-2.54-runtime.jar because:
  Build cache is disabled
  Caching not enabled.
Caching disabled for IdentityTransform: /home/jules/.gradle/caches/8.13/transforms/16cd1d6e4d816c9cc88298a1a71f5471/transformed/navigation-compose-2.8.5-runtime.jar because:
  Build cache is disabled
  Caching not enabled.
Caching disabled for AggregatedPackagesTransform: /home/jules/.gradle/caches/8.13/transforms/196214caf638bf4dcee9de64f38dc8f9/transformed/hilt-android-2.54-runtime.jar because:
  Build cache is disabled
Caching disabled for CopyTransform: /home/jules/.gradle/caches/8.13/transforms/16cd1d6e4d816c9cc88298a1a71f5471/transformed/navigation-compose-2.8.5-runtime.jar because:
  Build cache is disabled
  Caching not enabled.
Caching disabled for IdentityTransform: /home/jules/.gradle/caches/8.13/transforms/eee59484e56f81f68508386749304db7/transformed/fragment-1.5.1-runtime.jar because:
  Build cache is disabled
  Caching not enabled.
Caching disabled for AggregatedPackagesTransform: /home/jules/.gradle/caches/8.13/transforms/16cd1d6e4d816c9cc88298a1a71f5471/transformed/navigation-compose-2.8.5-runtime.jar because:
  Build cache is disabled
Caching disabled for AarToClassTransform: /home/jules/.gradle/caches/modules-2/files-2.1/androidx.loader/loader/1.0.0/8af8b6cec0da85c207d03e15840e0722cbc71e70/loader-1.0.0.aar because:
  Build cache is disabled
  Caching not enabled.
Caching disabled for AarToClassTransform: /home/jules/.gradle/caches/modules-2/files-2.1/androidx.viewpager/viewpager/1.0.0/1f90e13820f96c2fb868f9674079a551678d68b2/viewpager-1.0.0.aar because:
  Build cache is disabled
  Caching not enabled.
Caching disabled for IdentityTransform: /home/jules/.gradle/caches/8.13/transforms/82c9242b0bd79076d9abcc66feb0d612/transformed/loader-1.0.0-runtime.jar because:
  Build cache is disabled
  Caching not enabled.
Caching disabled for CopyTransform: /home/jules/.gradle/caches/8.13/transforms/eee59484e56f81f68508386749304db7/transformed/fragment-1.5.1-runtime.jar because:
  Build cache is disabled
  Caching not enabled.
Caching disabled for AggregatedPackagesTransform: /home/jules/.gradle/caches/8.13/transforms/eee59484e56f81f68508386749304db7/transformed/fragment-1.5.1-runtime.jar because:
  Build cache is disabled
Caching disabled for CopyTransform: /home/jules/.gradle/caches/8.13/transforms/82c9242b0bd79076d9abcc66feb0d612/transformed/loader-1.0.0-runtime.jar because:
  Build cache is disabled
  Caching not enabled.
Caching disabled for IdentityTransform: /home/jules/.gradle/caches/8.13/transforms/e2a6ed2020afc0f7c6b775a34ab4646d/transformed/viewpager-1.0.0-runtime.jar because:
  Build cache is disabled
  Caching not enabled.
Caching disabled for CopyTransform: /home/jules/.gradle/caches/8.13/transforms/e2a6ed2020afc0f7c6b775a34ab4646d/transformed/viewpager-1.0.0-runtime.jar because:
  Build cache is disabled
  Caching not enabled.
Caching disabled for AarToClassTransform: /home/jules/.gradle/caches/modules-2/files-2.1/androidx.customview/customview/1.0.0/30f5ff6075d112f8076e733b24410e68159735b6/customview-1.0.0.aar because:
  Build cache is disabled
  Caching not enabled.
Caching disabled for AggregatedPackagesTransform: /home/jules/.gradle/caches/8.13/transforms/82c9242b0bd79076d9abcc66feb0d612/transformed/loader-1.0.0-runtime.jar because:
  Build cache is disabled
Caching disabled for AggregatedPackagesTransform: /home/jules/.gradle/caches/8.13/transforms/e2a6ed2020afc0f7c6b775a34ab4646d/transformed/viewpager-1.0.0-runtime.jar because:
  Build cache is disabled
Caching disabled for CopyTransform: /home/jules/.gradle/caches/modules-2/files-2.1/io.coil-kt.coil3/coil-network-okhttp-jvm/3.0.4/4530dcb26f8ea7bd96fe0c11633dd95e010d6eb0/coil-network-okhttp-jvm-3.0.4.jar because:
  Build cache is disabled
  Caching not enabled.
Caching disabled for AarToClassTransform: /home/jules/.gradle/caches/modules-2/files-2.1/io.coil-kt.coil3/coil-compose-android/3.0.4/4e104608bf30399c08963628765e8c2d48793073/coil-compose-release.aar because:
  Build cache is disabled
  Caching not enabled.
Caching disabled for AggregatedPackagesTransform: /home/jules/.gradle/caches/modules-2/files-2.1/io.coil-kt.coil3/coil-network-okhttp-jvm/3.0.4/4530dcb26f8ea7bd96fe0c11633dd95e010d6eb0/coil-network-okhttp-jvm-3.0.4.jar because:
  Build cache is disabled
Caching disabled for IdentityTransform: /home/jules/.gradle/caches/8.13/transforms/092ee24b85471ce30b33d106675ca4ce/transformed/customview-1.0.0-runtime.jar because:
  Build cache is disabled
  Caching not enabled.
Caching disabled for CopyTransform: /home/jules/.gradle/caches/8.13/transforms/092ee24b85471ce30b33d106675ca4ce/transformed/customview-1.0.0-runtime.jar because:
  Build cache is disabled
  Caching not enabled.
Caching disabled for IdentityTransform: /home/jules/.gradle/caches/8.13/transforms/6303e99d7d43efd5e85e7fe57f516d75/transformed/coil-compose-release-runtime.jar because:
  Build cache is disabled
  Caching not enabled.
Caching disabled for AarToClassTransform: /home/jules/.gradle/caches/modules-2/files-2.1/io.coil-kt.coil3/coil-android/3.0.4/176df064dd156419b2cfc1d50a3c30ecce991376/coil-release.aar because:
  Build cache is disabled
  Caching not enabled.
Caching disabled for AggregatedPackagesTransform: /home/jules/.gradle/caches/8.13/transforms/092ee24b85471ce30b33d106675ca4ce/transformed/customview-1.0.0-runtime.jar because:
  Build cache is disabled
Caching disabled for AarToClassTransform: /home/jules/.gradle/caches/modules-2/files-2.1/io.coil-kt.coil3/coil-compose-core-android/3.0.4/6546313f979e889be746cb06704dc9651e95f09/coil-compose-core-release.aar because:
  Build cache is disabled
  Caching not enabled.
Caching disabled for CopyTransform: /home/jules/.gradle/caches/8.13/transforms/6303e99d7d43efd5e85e7fe57f516d75/transformed/coil-compose-release-runtime.jar because:
  Build cache is disabled
  Caching not enabled.
Caching disabled for IdentityTransform: /home/jules/.gradle/caches/8.13/transforms/1cbd5d06aa4349c1b8b2a15b39430de0/transformed/coil-release-runtime.jar because:
  Build cache is disabled
  Caching not enabled.
Caching disabled for AggregatedPackagesTransform: /home/jules/.gradle/caches/8.13/transforms/6303e99d7d43efd5e85e7fe57f516d75/transformed/coil-compose-release-runtime.jar because:
  Build cache is disabled
Caching disabled for AarToClassTransform: /home/jules/.gradle/caches/modules-2/files-2.1/io.coil-kt.coil3/coil-network-core-android/3.0.4/e4b1831dbed549c7a829e1486c8a7969a40cba33/coil-network-core-release.aar because:
  Build cache is disabled
  Caching not enabled.
Caching disabled for IdentityTransform: /home/jules/.gradle/caches/8.13/transforms/fc90742b1691e3bfe1e19712d9c444f3/transformed/coil-compose-core-release-runtime.jar because:
  Build cache is disabled
  Caching not enabled.
Caching disabled for CopyTransform: /home/jules/.gradle/caches/8.13/transforms/1cbd5d06aa4349c1b8b2a15b39430de0/transformed/coil-release-runtime.jar because:
  Build cache is disabled
  Caching not enabled.
Caching disabled for CopyTransform: /home/jules/.gradle/caches/8.13/transforms/fc90742b1691e3bfe1e19712d9c444f3/transformed/coil-compose-core-release-runtime.jar because:
  Build cache is disabled
  Caching not enabled.
Caching disabled for AggregatedPackagesTransform: /home/jules/.gradle/caches/8.13/transforms/1cbd5d06aa4349c1b8b2a15b39430de0/transformed/coil-release-runtime.jar because:
  Build cache is disabled
Caching disabled for IdentityTransform: /home/jules/.gradle/caches/8.13/transforms/e6c719f72baa7b0488366bd315b8400b/transformed/coil-network-core-release-runtime.jar because:
  Build cache is disabled
  Caching not enabled.
Caching disabled for AggregatedPackagesTransform: /home/jules/.gradle/caches/8.13/transforms/fc90742b1691e3bfe1e19712d9c444f3/transformed/coil-compose-core-release-runtime.jar because:
  Build cache is disabled
Caching disabled for CopyTransform: /home/jules/.gradle/caches/8.13/transforms/e6c719f72baa7b0488366bd315b8400b/transformed/coil-network-core-release-runtime.jar because:
  Build cache is disabled
  Caching not enabled.
Caching disabled for AarToClassTransform: /home/jules/.gradle/caches/modules-2/files-2.1/io.coil-kt.coil3/coil-core-android/3.0.4/c0fc7ece8b1b5fd47375a4d8b899c7807de538e/coil-core-release.aar because:
  Build cache is disabled
  Caching not enabled.
Caching disabled for AggregatedPackagesTransform: /home/jules/.gradle/caches/8.13/transforms/e6c719f72baa7b0488366bd315b8400b/transformed/coil-network-core-release-runtime.jar because:
  Build cache is disabled
Caching disabled for AarToClassTransform: /home/jules/.gradle/caches/modules-2/files-2.1/androidx.appcompat/appcompat-resources/1.7.0/2a42c0283578a8a40fc83b45b5cd06924bd1a385/appcompat-resources-1.7.0.aar because:
  Build cache is disabled
  Caching not enabled.
Caching disabled for AarToClassTransform: /home/jules/.gradle/caches/modules-2/files-2.1/androidx.vectordrawable/vectordrawable-animated/1.1.0/fcda1161354501471c30a4e077af6b5c4d4eddc6/vectordrawable-animated-1.1.0.aar because:
  Build cache is disabled
  Caching not enabled.
Caching disabled for IdentityTransform: /home/jules/.gradle/caches/8.13/transforms/a6e767e47a2b3f24db25dd195a876861/transformed/vectordrawable-animated-1.1.0-runtime.jar because:
  Build cache is disabled
  Caching not enabled.
Caching disabled for IdentityTransform: /home/jules/.gradle/caches/8.13/transforms/4d168cb138b83ea7a0a3e8ec6f697c7e/transformed/appcompat-resources-1.7.0-runtime.jar because:
  Build cache is disabled
  Caching not enabled.
Caching disabled for CopyTransform: /home/jules/.gradle/caches/8.13/transforms/4d168cb138b83ea7a0a3e8ec6f697c7e/transformed/appcompat-resources-1.7.0-runtime.jar because:
  Build cache is disabled
  Caching not enabled.
Caching disabled for CopyTransform: /home/jules/.gradle/caches/8.13/transforms/a6e767e47a2b3f24db25dd195a876861/transformed/vectordrawable-animated-1.1.0-runtime.jar because:
  Build cache is disabled
  Caching not enabled.
Caching disabled for AggregatedPackagesTransform: /home/jules/.gradle/caches/8.13/transforms/4d168cb138b83ea7a0a3e8ec6f697c7e/transformed/appcompat-resources-1.7.0-runtime.jar because:
  Build cache is disabled
Caching disabled for AarToClassTransform: /home/jules/.gradle/caches/modules-2/files-2.1/androidx.vectordrawable/vectordrawable/1.1.0/eac7a364fff534035a2a6cb17770a1288315f69f/vectordrawable-1.1.0.aar because:
  Build cache is disabled
  Caching not enabled.
Caching disabled for AggregatedPackagesTransform: /home/jules/.gradle/caches/8.13/transforms/a6e767e47a2b3f24db25dd195a876861/transformed/vectordrawable-animated-1.1.0-runtime.jar because:
  Build cache is disabled
Caching disabled for IdentityTransform: /home/jules/.gradle/caches/8.13/transforms/8df05ac16db4e3036594aeef30fe2b70/transformed/vectordrawable-1.1.0-runtime.jar because:
  Build cache is disabled
  Caching not enabled.
Caching disabled for CopyTransform: /home/jules/.gradle/caches/8.13/transforms/8df05ac16db4e3036594aeef30fe2b70/transformed/vectordrawable-1.1.0-runtime.jar because:
  Build cache is disabled
  Caching not enabled.
Caching disabled for AggregatedPackagesTransform: /home/jules/.gradle/caches/8.13/transforms/8df05ac16db4e3036594aeef30fe2b70/transformed/vectordrawable-1.1.0-runtime.jar because:
  Build cache is disabled
Caching disabled for IdentityTransform: /home/jules/.gradle/caches/8.13/transforms/0a8e2ebf15e1929bff6d056a44c7b974/transformed/coil-core-release-runtime.jar because:
  Build cache is disabled
  Caching not enabled.
Caching disabled for AarToClassTransform: /home/jules/.gradle/caches/modules-2/files-2.1/androidx.autofill/autofill/1.0.0/d95a6e3b895ad8f037dd01d88c87138b6d5eb507/autofill-1.0.0.aar because:
  Build cache is disabled
  Caching not enabled.
Caching disabled for AarToClassTransform: /home/jules/.gradle/caches/modules-2/files-2.1/androidx.compose.ui/ui-tooling-data-android/1.9.0/7b0c5084181fb90075b38e4cffeed764e31eec3d/ui-tooling-data.aar because:
  Build cache is disabled
  Caching not enabled.
Caching disabled for IdentityTransform: /home/jules/.gradle/caches/8.13/transforms/b11cbd68e4d1499179c456174e7ae70b/transformed/autofill-1.0.0-runtime.jar because:
  Build cache is disabled
  Caching not enabled.
Caching disabled for IdentityTransform: /home/jules/.gradle/caches/8.13/transforms/e645a5563e0452cbc20f7e83c911822a/transformed/ui-tooling-data-runtime.jar because:
  Build cache is disabled
  Caching not enabled.
Caching disabled for CopyTransform: /home/jules/.gradle/caches/8.13/transforms/b11cbd68e4d1499179c456174e7ae70b/transformed/autofill-1.0.0-runtime.jar because:
  Build cache is disabled
  Caching not enabled.
Caching disabled for CopyTransform: /home/jules/.gradle/caches/8.13/transforms/0a8e2ebf15e1929bff6d056a44c7b974/transformed/coil-core-release-runtime.jar because:
  Build cache is disabled
  Caching not enabled.
Caching disabled for AggregatedPackagesTransform: /home/jules/.gradle/caches/8.13/transforms/b11cbd68e4d1499179c456174e7ae70b/transformed/autofill-1.0.0-runtime.jar because:
  Build cache is disabled
Caching disabled for AggregatedPackagesTransform: /home/jules/.gradle/caches/8.13/transforms/0a8e2ebf15e1929bff6d056a44c7b974/transformed/coil-core-release-runtime.jar because:
  Build cache is disabled
Caching disabled for CopyTransform: /home/jules/.gradle/caches/8.13/transforms/e645a5563e0452cbc20f7e83c911822a/transformed/ui-tooling-data-runtime.jar because:
  Build cache is disabled
  Caching not enabled.
Caching disabled for AarToClassTransform: /home/jules/.gradle/caches/modules-2/files-2.1/androidx.compose.ui/ui-tooling-preview-android/1.9.0/87e6255f92e913fe33ce2ffae5e3110e23f88889/ui-tooling-preview.aar because:
  Build cache is disabled
  Caching not enabled.
Caching disabled for AggregatedPackagesTransform: /home/jules/.gradle/caches/8.13/transforms/e645a5563e0452cbc20f7e83c911822a/transformed/ui-tooling-data-runtime.jar because:
  Build cache is disabled
Caching disabled for AarToClassTransform: /home/jules/.gradle/caches/modules-2/files-2.1/androidx.compose.ui/ui-tooling-android/1.9.0/6e11816cf916420be9120d3467e10cc08f891cc/ui-tooling.aar because:
  Build cache is disabled
  Caching not enabled.
Caching disabled for IdentityTransform: /home/jules/.gradle/caches/8.13/transforms/32af8893b3a5410cd15b694e11b93c3b/transformed/ui-tooling-preview-runtime.jar because:
  Build cache is disabled
  Caching not enabled.
Caching disabled for AarToClassTransform: /home/jules/.gradle/caches/modules-2/files-2.1/androidx.compose.material/material-android/1.7.6/f7c99ea929501d363364b5a76b2759c52a1a8ae0/material-release.aar because:
  Build cache is disabled
  Caching not enabled.
Caching disabled for CopyTransform: /home/jules/.gradle/caches/8.13/transforms/32af8893b3a5410cd15b694e11b93c3b/transformed/ui-tooling-preview-runtime.jar because:
  Build cache is disabled
  Caching not enabled.
Caching disabled for AggregatedPackagesTransform: /home/jules/.gradle/caches/8.13/transforms/32af8893b3a5410cd15b694e11b93c3b/transformed/ui-tooling-preview-runtime.jar because:
  Build cache is disabled
Caching disabled for IdentityTransform: /home/jules/.gradle/caches/8.13/transforms/6250cb3d40fd898be6516f60ea0eb9a3/transformed/ui-tooling-runtime.jar because:
  Build cache is disabled
  Caching not enabled.
Caching disabled for CopyTransform: /home/jules/.gradle/caches/8.13/transforms/6250cb3d40fd898be6516f60ea0eb9a3/transformed/ui-tooling-runtime.jar because:
  Build cache is disabled
  Caching not enabled.
Caching disabled for AarToClassTransform: /home/jules/.gradle/caches/modules-2/files-2.1/androidx.compose.material/material-ripple-android/1.7.6/2f71eac652d6dd6ce4a67b7a5e5161d3b1fcbd45/material-ripple-release.aar because:
  Build cache is disabled
  Caching not enabled.
Caching disabled for AggregatedPackagesTransform: /home/jules/.gradle/caches/8.13/transforms/6250cb3d40fd898be6516f60ea0eb9a3/transformed/ui-tooling-runtime.jar because:
  Build cache is disabled
Caching disabled for IdentityTransform: /home/jules/.gradle/caches/8.13/transforms/aa7f1ac0115a445057be4dedfae22282/transformed/material3-release-runtime.jar because:
  Build cache is disabled
  Caching not enabled.
Caching disabled for IdentityTransform: /home/jules/.gradle/caches/8.13/transforms/b65a8eaae475caff2a84970b66bc4adc/transformed/material-ripple-release-runtime.jar because:
  Build cache is disabled
  Caching not enabled.
Caching disabled for AarToClassTransform: /home/jules/.gradle/caches/modules-2/files-2.1/androidx.compose.foundation/foundation-android/1.9.0/b3222bb204d8e41afa22b25df0f22a3ac1c7212/foundation-release.aar because:
  Build cache is disabled
  Caching not enabled.
Caching disabled for CopyTransform: /home/jules/.gradle/caches/8.13/transforms/b65a8eaae475caff2a84970b66bc4adc/transformed/material-ripple-release-runtime.jar because:
  Build cache is disabled
  Caching not enabled.
Caching disabled for AggregatedPackagesTransform: /home/jules/.gradle/caches/8.13/transforms/b65a8eaae475caff2a84970b66bc4adc/transformed/material-ripple-release-runtime.jar because:
  Build cache is disabled
Caching disabled for AarToClassTransform: /home/jules/.gradle/caches/modules-2/files-2.1/androidx.compose.foundation/foundation-layout-android/1.9.0/d543e5fbc28a0c7c842fdadffcc0cf1b368e1cbd/foundation-layout.aar because:
  Build cache is disabled
  Caching not enabled.
Caching disabled for IdentityTransform: /home/jules/.gradle/caches/8.13/transforms/4d45cb3ae1f3fcebb3160c76a701903c/transformed/material-release-runtime.jar because:
  Build cache is disabled
  Caching not enabled.
Caching disabled for CopyTransform: /home/jules/.gradle/caches/8.13/transforms/aa7f1ac0115a445057be4dedfae22282/transformed/material3-release-runtime.jar because:
  Build cache is disabled
  Caching not enabled.
Caching disabled for IdentityTransform: /home/jules/.gradle/caches/8.13/transforms/630edd58cc1c9bc0d865b5293176bd84/transformed/foundation-layout-runtime.jar because:
  Build cache is disabled
  Caching not enabled.
Caching disabled for AggregatedPackagesTransform: /home/jules/.gradle/caches/8.13/transforms/aa7f1ac0115a445057be4dedfae22282/transformed/material3-release-runtime.jar because:
  Build cache is disabled
Caching disabled for CopyTransform: /home/jules/.gradle/caches/8.13/transforms/4d45cb3ae1f3fcebb3160c76a701903c/transformed/material-release-runtime.jar because:
  Build cache is disabled
  Caching not enabled.
Caching disabled for CopyTransform: /home/jules/.gradle/caches/8.13/transforms/630edd58cc1c9bc0d865b5293176bd84/transformed/foundation-layout-runtime.jar because:
  Build cache is disabled
  Caching not enabled.
Caching disabled for AggregatedPackagesTransform: /home/jules/.gradle/caches/8.13/transforms/630edd58cc1c9bc0d865b5293176bd84/transformed/foundation-layout-runtime.jar because:
  Build cache is disabled
Caching disabled for AggregatedPackagesTransform: /home/jules/.gradle/caches/8.13/transforms/4d45cb3ae1f3fcebb3160c76a701903c/transformed/material-release-runtime.jar because:
  Build cache is disabled
Caching disabled for AarToClassTransform: /home/jules/.gradle/caches/modules-2/files-2.1/androidx.compose.animation/animation-core-android/1.9.0/79a967ad92f7474ab6be8a1b8b5ab0a366b63547/animation-core.aar because:
  Build cache is disabled
  Caching not enabled.
Caching disabled for AarToClassTransform: /home/jules/.gradle/caches/modules-2/files-2.1/androidx.compose.animation/animation-android/1.9.0/d8fa171bd35c2a5dfbded3df336409e7bb1650b7/animation.aar because:
  Build cache is disabled
  Caching not enabled.
Caching disabled for AarToClassTransform: /home/jules/.gradle/caches/modules-2/files-2.1/androidx.compose.ui/ui-util-android/1.9.0/fab55dbaff87438b15d6c7b4186be6657d151e1d/ui-util.aar because:
  Build cache is disabled
  Caching not enabled.
Caching disabled for IdentityTransform: /home/jules/.gradle/caches/8.13/transforms/a7ec26f6bb5b6e998e63f193553a2004/transformed/ui-util-runtime.jar because:
  Build cache is disabled
  Caching not enabled.
Caching disabled for CopyTransform: /home/jules/.gradle/caches/8.13/transforms/a7ec26f6bb5b6e998e63f193553a2004/transformed/ui-util-runtime.jar because:
  Build cache is disabled
  Caching not enabled.
Caching disabled for AggregatedPackagesTransform: /home/jules/.gradle/caches/8.13/transforms/a7ec26f6bb5b6e998e63f193553a2004/transformed/ui-util-runtime.jar because:
  Build cache is disabled
Caching disabled for IdentityTransform: /home/jules/.gradle/caches/8.13/transforms/0afb49aed25502f7ad1d8999e7e1ac3e/transformed/animation-core-runtime.jar because:
  Build cache is disabled
  Caching not enabled.
Caching disabled for AarToClassTransform: /home/jules/.gradle/caches/modules-2/files-2.1/androidx.compose.ui/ui-unit-android/1.9.0/656494c2dcf69438616f5b8309958ea17e1f2909/ui-unit.aar because:
  Build cache is disabled
  Caching not enabled.
Caching disabled for CopyTransform: /home/jules/.gradle/caches/8.13/transforms/0afb49aed25502f7ad1d8999e7e1ac3e/transformed/animation-core-runtime.jar because:
  Build cache is disabled
  Caching not enabled.
Caching disabled for IdentityTransform: /home/jules/.gradle/caches/8.13/transforms/3e81eb8b8a60a968cdea73afa5de534b/transformed/ui-unit-runtime.jar because:
  Build cache is disabled
  Caching not enabled.
Caching disabled for AggregatedPackagesTransform: /home/jules/.gradle/caches/8.13/transforms/0afb49aed25502f7ad1d8999e7e1ac3e/transformed/animation-core-runtime.jar because:
  Build cache is disabled
Caching disabled for IdentityTransform: /home/jules/.gradle/caches/8.13/transforms/5aba6071b2098151cf131811df35f4c3/transformed/animation-runtime.jar because:
  Build cache is disabled
  Caching not enabled.
Caching disabled for CopyTransform: /home/jules/.gradle/caches/8.13/transforms/3e81eb8b8a60a968cdea73afa5de534b/transformed/ui-unit-runtime.jar because:
  Build cache is disabled
  Caching not enabled.
Caching disabled for AggregatedPackagesTransform: /home/jules/.gradle/caches/8.13/transforms/3e81eb8b8a60a968cdea73afa5de534b/transformed/ui-unit-runtime.jar because:
  Build cache is disabled
Caching disabled for CopyTransform: /home/jules/.gradle/caches/8.13/transforms/5aba6071b2098151cf131811df35f4c3/transformed/animation-runtime.jar because:
  Build cache is disabled
  Caching not enabled.
Caching disabled for AarToClassTransform: /home/jules/.gradle/caches/modules-2/files-2.1/androidx.compose.ui/ui-text-android/1.9.0/3084a2b8153dd46f39d5e3a904f552a81f6015a1/ui-text.aar because:
  Build cache is disabled
  Caching not enabled.
Caching disabled for AarToClassTransform: /home/jules/.gradle/caches/modules-2/files-2.1/androidx.compose.ui/ui-geometry-android/1.9.0/eb664132c1529e863b665124d6ad3d57251737bc/ui-geometry.aar because:
  Build cache is disabled
  Caching not enabled.
Caching disabled for AggregatedPackagesTransform: /home/jules/.gradle/caches/8.13/transforms/5aba6071b2098151cf131811df35f4c3/transformed/animation-runtime.jar because:
  Build cache is disabled
Caching disabled for IdentityTransform: /home/jules/.gradle/caches/8.13/transforms/0184aa3fbaf4eee92e8142b116039eee/transformed/ui-geometry-runtime.jar because:
  Build cache is disabled
  Caching not enabled.
Caching disabled for AarToClassTransform: /home/jules/.gradle/caches/modules-2/files-2.1/androidx.compose.ui/ui-test-manifest/1.9.0/bb585f92d0d1dd47e03bb321abdd1c25e29450ae/ui-test-manifest-1.9.0.aar because:
  Build cache is disabled
  Caching not enabled.
Caching disabled for CopyTransform: /home/jules/.gradle/caches/8.13/transforms/0184aa3fbaf4eee92e8142b116039eee/transformed/ui-geometry-runtime.jar because:
  Build cache is disabled
  Caching not enabled.
Caching disabled for IdentityTransform: /home/jules/.gradle/caches/8.13/transforms/9ccd34daa64c23db66ec8c1b77d2d993/transformed/ui-test-manifest-1.9.0-runtime.jar because:
  Build cache is disabled
  Caching not enabled.
Caching disabled for AggregatedPackagesTransform: /home/jules/.gradle/caches/8.13/transforms/0184aa3fbaf4eee92e8142b116039eee/transformed/ui-geometry-runtime.jar because:
  Build cache is disabled
Caching disabled for AarToClassTransform: /home/jules/.gradle/caches/modules-2/files-2.1/androidx.compose.ui/ui-graphics-android/1.9.0/9e73b4de63e74bafebda94dcc7eeeac675384d95/ui-graphics-release.aar because:
  Build cache is disabled
  Caching not enabled.
Caching disabled for CopyTransform: /home/jules/.gradle/caches/8.13/transforms/9ccd34daa64c23db66ec8c1b77d2d993/transformed/ui-test-manifest-1.9.0-runtime.jar because:
  Build cache is disabled
  Caching not enabled.
Caching disabled for AggregatedPackagesTransform: /home/jules/.gradle/caches/8.13/transforms/9ccd34daa64c23db66ec8c1b77d2d993/transformed/ui-test-manifest-1.9.0-runtime.jar because:
  Build cache is disabled
Caching disabled for AarToClassTransform: /home/jules/.gradle/caches/modules-2/files-2.1/androidx.graphics/graphics-path/1.0.1/7e243033abd313c7202428422a01d48691378e33/graphics-path-1.0.1.aar because:
  Build cache is disabled
  Caching not enabled.
Caching disabled for IdentityTransform: /home/jules/.gradle/caches/8.13/transforms/ff91b420a791b3b2364d939bded95c2a/transformed/graphics-path-1.0.1-runtime.jar because:
  Build cache is disabled
  Caching not enabled.
Caching disabled for CopyTransform: /home/jules/.gradle/caches/8.13/transforms/ff91b420a791b3b2364d939bded95c2a/transformed/graphics-path-1.0.1-runtime.jar because:
  Build cache is disabled
  Caching not enabled.
Caching disabled for IdentityTransform: /home/jules/.gradle/caches/8.13/transforms/8102a2e7dd217144f6c91a7434faa074/transformed/ui-text-runtime.jar because:
  Build cache is disabled
  Caching not enabled.
Caching disabled for AggregatedPackagesTransform: /home/jules/.gradle/caches/8.13/transforms/ff91b420a791b3b2364d939bded95c2a/transformed/graphics-path-1.0.1-runtime.jar because:
  Build cache is disabled
Caching disabled for AarToClassTransform: /home/jules/.gradle/caches/modules-2/files-2.1/androidx.emoji2/emoji2/1.4.0/db99b152737e1ef1cca8e2ff24986a1e1dc8561d/emoji2-1.4.0.aar because:
  Build cache is disabled
  Caching not enabled.
Caching disabled for IdentityTransform: /home/jules/.gradle/caches/8.13/transforms/8fafe63f8b45ffa9eb05205c291586f1/transformed/ui-graphics-release-runtime.jar because:
  Build cache is disabled
  Caching not enabled.
Caching disabled for IdentityTransform: /home/jules/.gradle/caches/8.13/transforms/a5ebf2813c65a562917def3de4526f4b/transformed/foundation-release-runtime.jar because:
  Build cache is disabled
  Caching not enabled.
Caching disabled for IdentityTransform: /home/jules/.gradle/caches/8.13/transforms/106e14445e711c755d38e52c689fca9a/transformed/emoji2-1.4.0-runtime.jar because:
  Build cache is disabled
  Caching not enabled.
Caching disabled for CopyTransform: /home/jules/.gradle/caches/8.13/transforms/106e14445e711c755d38e52c689fca9a/transformed/emoji2-1.4.0-runtime.jar because:
  Build cache is disabled
  Caching not enabled.
Caching disabled for AggregatedPackagesTransform: /home/jules/.gradle/caches/8.13/transforms/106e14445e711c755d38e52c689fca9a/transformed/emoji2-1.4.0-runtime.jar because:
  Build cache is disabled
Caching disabled for AarToClassTransform: /home/jules/.gradle/caches/modules-2/files-2.1/androidx.core/core/1.17.0/1eb461d3499f5bb832dd45edd3982471a11a3f95/core-1.17.0.aar because:
  Build cache is disabled
  Caching not enabled.
Caching disabled for CopyTransform: /home/jules/.gradle/caches/8.13/transforms/8102a2e7dd217144f6c91a7434faa074/transformed/ui-text-runtime.jar because:
  Build cache is disabled
  Caching not enabled.
Caching disabled for CopyTransform: /home/jules/.gradle/caches/8.13/transforms/8fafe63f8b45ffa9eb05205c291586f1/transformed/ui-graphics-release-runtime.jar because:
  Build cache is disabled
  Caching not enabled.
Caching disabled for AggregatedPackagesTransform: /home/jules/.gradle/caches/8.13/transforms/8102a2e7dd217144f6c91a7434faa074/transformed/ui-text-runtime.jar because:
  Build cache is disabled
Caching disabled for AggregatedPackagesTransform: /home/jules/.gradle/caches/8.13/transforms/8fafe63f8b45ffa9eb05205c291586f1/transformed/ui-graphics-release-runtime.jar because:
  Build cache is disabled
Caching disabled for CopyTransform: /home/jules/.gradle/caches/8.13/transforms/a5ebf2813c65a562917def3de4526f4b/transformed/foundation-release-runtime.jar because:
  Build cache is disabled
  Caching not enabled.
Caching disabled for AggregatedPackagesTransform: /home/jules/.gradle/caches/8.13/transforms/a5ebf2813c65a562917def3de4526f4b/transformed/foundation-release-runtime.jar because:
  Build cache is disabled
Caching disabled for IdentityTransform: /home/jules/.gradle/caches/8.13/transforms/f8ba6ec2738d34cf8bae2717470f5687/transformed/core-1.17.0-runtime.jar because:
  Build cache is disabled
  Caching not enabled.
Caching disabled for CopyTransform: /home/jules/.gradle/caches/8.13/transforms/f8ba6ec2738d34cf8bae2717470f5687/transformed/core-1.17.0-runtime.jar because:
  Build cache is disabled
  Caching not enabled.
Caching disabled for AggregatedPackagesTransform: /home/jules/.gradle/caches/8.13/transforms/f8ba6ec2738d34cf8bae2717470f5687/transformed/core-1.17.0-runtime.jar because:
  Build cache is disabled
Caching disabled for AarToClassTransform: /home/jules/.gradle/caches/modules-2/files-2.1/androidx.savedstate/savedstate-compose-android/1.3.1/26b486166e3087243f6e92bdd5c7a24ffb05b2dc/savedstate-compose-release.aar because:
  Build cache is disabled
  Caching not enabled.
Caching disabled for AarToClassTransform: /home/jules/.gradle/caches/modules-2/files-2.1/androidx.savedstate/savedstate-ktx/1.3.1/6a7369e15f63e373ad51e7a993cb79f34e310018/savedstate-ktx-1.3.1.aar because:
  Build cache is disabled
  Caching not enabled.
Caching disabled for AarToClassTransform: /home/jules/.gradle/caches/modules-2/files-2.1/androidx.compose.runtime/runtime-android/1.9.0/d9f6d46758f1f4f4c8cda0567d5f0f3f9d1a234d/runtime.aar because:
  Build cache is disabled
  Caching not enabled.
Caching disabled for AarToClassTransform: /home/jules/.gradle/caches/modules-2/files-2.1/androidx.savedstate/savedstate-android/1.3.1/4b078014537a69f58fe81145946768b086e21517/savedstate-release.aar because:
  Build cache is disabled
  Caching not enabled.
Caching disabled for IdentityTransform: /home/jules/.gradle/caches/8.13/transforms/acf201af50f5e9a2a57b49c13f8fcc4d/transformed/savedstate-ktx-1.3.1-runtime.jar because:
  Build cache is disabled
  Caching not enabled.
Caching disabled for IdentityTransform: /home/jules/.gradle/caches/8.13/transforms/43a76c8afc2f60b7cd7ba8817ffd0400/transformed/savedstate-compose-release-runtime.jar because:
  Build cache is disabled
  Caching not enabled.
Caching disabled for CopyTransform: /home/jules/.gradle/caches/8.13/transforms/acf201af50f5e9a2a57b49c13f8fcc4d/transformed/savedstate-ktx-1.3.1-runtime.jar because:
  Build cache is disabled
  Caching not enabled.
Caching disabled for AggregatedPackagesTransform: /home/jules/.gradle/caches/8.13/transforms/acf201af50f5e9a2a57b49c13f8fcc4d/transformed/savedstate-ktx-1.3.1-runtime.jar because:
  Build cache is disabled
Caching disabled for CopyTransform: /home/jules/.gradle/caches/8.13/transforms/43a76c8afc2f60b7cd7ba8817ffd0400/transformed/savedstate-compose-release-runtime.jar because:
  Build cache is disabled
  Caching not enabled.
Caching disabled for AarToClassTransform: /home/jules/.gradle/caches/modules-2/files-2.1/androidx.compose.runtime/runtime-annotation-android/1.9.0/5e40e47a89961866acb3847692ac479f885d70de/runtime-annotation.aar because:
  Build cache is disabled
  Caching not enabled.
Caching disabled for AggregatedPackagesTransform: /home/jules/.gradle/caches/8.13/transforms/43a76c8afc2f60b7cd7ba8817ffd0400/transformed/savedstate-compose-release-runtime.jar because:
  Build cache is disabled
Caching disabled for IdentityTransform: /home/jules/.gradle/caches/8.13/transforms/2a23d47de08a91ad79583597ac981030/transformed/savedstate-release-runtime.jar because:
  Build cache is disabled
  Caching not enabled.
Caching disabled for IdentityTransform: /home/jules/.gradle/caches/8.13/transforms/a6f3267e305d756e9482f9085bf5edbd/transformed/runtime-annotation-runtime.jar because:
  Build cache is disabled
  Caching not enabled.
Caching disabled for AarToClassTransform: /home/jules/.gradle/caches/modules-2/files-2.1/androidx.compose.runtime/runtime-saveable-android/1.9.0/8ed28567afa5576af6a4180024cab0e2ce5e37ec/runtime-saveable.aar because:
  Build cache is disabled
  Caching not enabled.
Caching disabled for CopyTransform: /home/jules/.gradle/caches/8.13/transforms/a6f3267e305d756e9482f9085bf5edbd/transformed/runtime-annotation-runtime.jar because:
  Build cache is disabled
  Caching not enabled.
Caching disabled for AggregatedPackagesTransform: /home/jules/.gradle/caches/8.13/transforms/a6f3267e305d756e9482f9085bf5edbd/transformed/runtime-annotation-runtime.jar because:
  Build cache is disabled
Caching disabled for IdentityTransform: /home/jules/.gradle/caches/8.13/transforms/8396560d08fe44e171f828beeb8dc00a/transformed/runtime-saveable-runtime.jar because:
  Build cache is disabled
  Caching not enabled.
Caching disabled for CopyTransform: /home/jules/.gradle/caches/8.13/transforms/2a23d47de08a91ad79583597ac981030/transformed/savedstate-release-runtime.jar because:
  Build cache is disabled
  Caching not enabled.
Caching disabled for AarToClassTransform: /home/jules/.gradle/caches/modules-2/files-2.1/androidx.lifecycle/lifecycle-process/2.9.4/6b51ead80ff00bb23d5801f08e67aa6b628e07b5/lifecycle-process-2.9.4.aar because:
  Build cache is disabled
  Caching not enabled.
Caching disabled for AggregatedPackagesTransform: /home/jules/.gradle/caches/8.13/transforms/2a23d47de08a91ad79583597ac981030/transformed/savedstate-release-runtime.jar because:
  Build cache is disabled
Caching disabled for CopyTransform: /home/jules/.gradle/caches/8.13/transforms/8396560d08fe44e171f828beeb8dc00a/transformed/runtime-saveable-runtime.jar because:
  Build cache is disabled
  Caching not enabled.
Caching disabled for IdentityTransform: /home/jules/.gradle/caches/8.13/transforms/be6bcb28461faa2f5d39966e7a47530a/transformed/lifecycle-process-2.9.4-runtime.jar because:
  Build cache is disabled
  Caching not enabled.
Caching disabled for AarToClassTransform: /home/jules/.gradle/caches/modules-2/files-2.1/androidx.lifecycle/lifecycle-runtime-compose-android/2.9.4/ca8d7bbd9529da9346e0e6a27462fafcdc324ae/lifecycle-runtime-compose-release.aar because:
  Build cache is disabled
  Caching not enabled.
Caching disabled for CopyTransform: /home/jules/.gradle/caches/8.13/transforms/be6bcb28461faa2f5d39966e7a47530a/transformed/lifecycle-process-2.9.4-runtime.jar because:
  Build cache is disabled
  Caching not enabled.
Caching disabled for AggregatedPackagesTransform: /home/jules/.gradle/caches/8.13/transforms/8396560d08fe44e171f828beeb8dc00a/transformed/runtime-saveable-runtime.jar because:
  Build cache is disabled
Caching disabled for AggregatedPackagesTransform: /home/jules/.gradle/caches/8.13/transforms/be6bcb28461faa2f5d39966e7a47530a/transformed/lifecycle-process-2.9.4-runtime.jar because:
  Build cache is disabled
Caching disabled for AarToClassTransform: /home/jules/.gradle/caches/modules-2/files-2.1/androidx.lifecycle/lifecycle-livedata-core-ktx/2.9.4/68b88348bde12d53ab420ce6b5ac3cb9a8c45a11/lifecycle-livedata-core-ktx-2.9.4.aar because:
  Build cache is disabled
  Caching not enabled.
Caching disabled for IdentityTransform: /home/jules/.gradle/caches/8.13/transforms/58a10a7f24a3ad8e43380c9c8d41979a/transformed/lifecycle-runtime-compose-release-runtime.jar because:
  Build cache is disabled
  Caching not enabled.
Caching disabled for AarToClassTransform: /home/jules/.gradle/caches/modules-2/files-2.1/androidx.lifecycle/lifecycle-viewmodel-ktx/2.9.4/83844a139f46cf3d195148d78f1820ecebf61294/lifecycle-viewmodel-ktx-2.9.4.aar because:
  Build cache is disabled
  Caching not enabled.
Caching disabled for IdentityTransform: /home/jules/.gradle/caches/8.13/transforms/2eeffbf202c86bd7fcd10277c3692c38/transformed/lifecycle-livedata-core-ktx-2.9.4-runtime.jar because:
  Build cache is disabled
  Caching not enabled.
Caching disabled for CopyTransform: /home/jules/.gradle/caches/8.13/transforms/58a10a7f24a3ad8e43380c9c8d41979a/transformed/lifecycle-runtime-compose-release-runtime.jar because:
  Build cache is disabled
  Caching not enabled.
Caching disabled for IdentityTransform: /home/jules/.gradle/caches/8.13/transforms/9eace96e2dea7f7ef7bf12c7ee8eaf4b/transformed/lifecycle-viewmodel-ktx-2.9.4-runtime.jar because:
  Build cache is disabled
  Caching not enabled.
Caching disabled for CopyTransform: /home/jules/.gradle/caches/8.13/transforms/2eeffbf202c86bd7fcd10277c3692c38/transformed/lifecycle-livedata-core-ktx-2.9.4-runtime.jar because:
  Build cache is disabled
  Caching not enabled.
Caching disabled for AggregatedPackagesTransform: /home/jules/.gradle/caches/8.13/transforms/58a10a7f24a3ad8e43380c9c8d41979a/transformed/lifecycle-runtime-compose-release-runtime.jar because:
  Build cache is disabled
Caching disabled for AggregatedPackagesTransform: /home/jules/.gradle/caches/8.13/transforms/2eeffbf202c86bd7fcd10277c3692c38/transformed/lifecycle-livedata-core-ktx-2.9.4-runtime.jar because:
  Build cache is disabled
Caching disabled for IdentityTransform: /home/jules/.gradle/caches/8.13/transforms/57403a7bf8f4276c4763d6106f55c864/transformed/runtime-runtime.jar because:
  Build cache is disabled
  Caching not enabled.
Caching disabled for CopyTransform: /home/jules/.gradle/caches/8.13/transforms/9eace96e2dea7f7ef7bf12c7ee8eaf4b/transformed/lifecycle-viewmodel-ktx-2.9.4-runtime.jar because:
  Build cache is disabled
  Caching not enabled.
Caching disabled for AarToClassTransform: /home/jules/.gradle/caches/modules-2/files-2.1/androidx.lifecycle/lifecycle-livedata/2.9.4/a445cc747a3b97b2c716a41456edd6b88db8b325/lifecycle-livedata-2.9.4.aar because:
  Build cache is disabled
  Caching not enabled.
Caching disabled for AggregatedPackagesTransform: /home/jules/.gradle/caches/8.13/transforms/9eace96e2dea7f7ef7bf12c7ee8eaf4b/transformed/lifecycle-viewmodel-ktx-2.9.4-runtime.jar because:
  Build cache is disabled
Caching disabled for IdentityTransform: /home/jules/.gradle/caches/8.13/transforms/56169f9c7df2073134fabaa3144938e3/transformed/lifecycle-livedata-2.9.4-runtime.jar because:
  Build cache is disabled
  Caching not enabled.
Caching disabled for AarToClassTransform: /home/jules/.gradle/caches/modules-2/files-2.1/androidx.lifecycle/lifecycle-viewmodel-savedstate-android/2.9.4/5ec9278f5df344e931a5e57d91f91f181a165055/lifecycle-viewmodel-savedstate-release.aar because:
  Build cache is disabled
  Caching not enabled.
Caching disabled for CopyTransform: /home/jules/.gradle/caches/8.13/transforms/57403a7bf8f4276c4763d6106f55c864/transformed/runtime-runtime.jar because:
  Build cache is disabled
  Caching not enabled.
Caching disabled for CopyTransform: /home/jules/.gradle/caches/8.13/transforms/56169f9c7df2073134fabaa3144938e3/transformed/lifecycle-livedata-2.9.4-runtime.jar because:
  Build cache is disabled
  Caching not enabled.
Caching disabled for AggregatedPackagesTransform: /home/jules/.gradle/caches/8.13/transforms/56169f9c7df2073134fabaa3144938e3/transformed/lifecycle-livedata-2.9.4-runtime.jar because:
  Build cache is disabled
Caching disabled for AggregatedPackagesTransform: /home/jules/.gradle/caches/8.13/transforms/57403a7bf8f4276c4763d6106f55c864/transformed/runtime-runtime.jar because:
  Build cache is disabled
Caching disabled for IdentityTransform: /home/jules/.gradle/caches/8.13/transforms/b59c16af700acc3ac24bdb98fd2bf232/transformed/lifecycle-viewmodel-savedstate-release-runtime.jar because:
  Build cache is disabled
  Caching not enabled.
Caching disabled for AarToClassTransform: /home/jules/.gradle/caches/modules-2/files-2.1/androidx.lifecycle/lifecycle-viewmodel/2.9.4/8f4ec32b47aad807accb172e851839dca2502de4/lifecycle-viewmodel-2.9.4.aar because:
  Build cache is disabled
  Caching not enabled.
Caching disabled for CopyTransform: /home/jules/.gradle/caches/8.13/transforms/b59c16af700acc3ac24bdb98fd2bf232/transformed/lifecycle-viewmodel-savedstate-release-runtime.jar because:
  Build cache is disabled
  Caching not enabled.
Caching disabled for IdentityTransform: /home/jules/.gradle/caches/8.13/transforms/a0dd09f8143f3d6d7414c496cb3da6f7/transformed/lifecycle-viewmodel-2.9.4-runtime.jar because:
  Build cache is disabled
  Caching not enabled.
Caching disabled for CopyTransform: /home/jules/.gradle/caches/8.13/transforms/a0dd09f8143f3d6d7414c496cb3da6f7/transformed/lifecycle-viewmodel-2.9.4-runtime.jar because:
  Build cache is disabled
  Caching not enabled.
Caching disabled for AggregatedPackagesTransform: /home/jules/.gradle/caches/8.13/transforms/b59c16af700acc3ac24bdb98fd2bf232/transformed/lifecycle-viewmodel-savedstate-release-runtime.jar because:
  Build cache is disabled
Caching disabled for AarToClassTransform: /home/jules/.gradle/caches/modules-2/files-2.1/androidx.lifecycle/lifecycle-viewmodel-android/2.9.4/d7f04dd2b3815ea592642340dabc73352c3786a3/lifecycle-viewmodel-release.aar because:
  Build cache is disabled
  Caching not enabled.
Caching disabled for AggregatedPackagesTransform: /home/jules/.gradle/caches/8.13/transforms/a0dd09f8143f3d6d7414c496cb3da6f7/transformed/lifecycle-viewmodel-2.9.4-runtime.jar because:
  Build cache is disabled
Caching disabled for AarToClassTransform: /home/jules/.gradle/caches/modules-2/files-2.1/androidx.lifecycle/lifecycle-runtime-android/2.9.4/fd218d3a91d46511975ef11165ffba7d696c04a/lifecycle-runtime-release.aar because:
  Build cache is disabled
  Caching not enabled.
Caching disabled for CopyTransform: /home/jules/.gradle/caches/modules-2/files-2.1/androidx.lifecycle/lifecycle-common-jvm/2.9.4/ab739bccdb3541983385af169565c7c035d897e7/lifecycle-common-jvm-2.9.4.jar because:
  Build cache is disabled
  Caching not enabled.
Caching disabled for IdentityTransform: /home/jules/.gradle/caches/8.13/transforms/fdecf3d8675630bc9220c258fe2b6146/transformed/lifecycle-viewmodel-release-runtime.jar because:
  Build cache is disabled
  Caching not enabled.
Caching disabled for AggregatedPackagesTransform: /home/jules/.gradle/caches/modules-2/files-2.1/androidx.lifecycle/lifecycle-common-jvm/2.9.4/ab739bccdb3541983385af169565c7c035d897e7/lifecycle-common-jvm-2.9.4.jar because:
  Build cache is disabled
Caching disabled for CopyTransform: /home/jules/.gradle/caches/8.13/transforms/fdecf3d8675630bc9220c258fe2b6146/transformed/lifecycle-viewmodel-release-runtime.jar because:
  Build cache is disabled
  Caching not enabled.
Caching disabled for IdentityTransform: /home/jules/.gradle/caches/8.13/transforms/b38bdaf19aa4f3a9cbcee338dcae5116/transformed/lifecycle-runtime-release-runtime.jar because:
  Build cache is disabled
  Caching not enabled.
Caching disabled for CopyTransform: /home/jules/.gradle/caches/8.13/transforms/b38bdaf19aa4f3a9cbcee338dcae5116/transformed/lifecycle-runtime-release-runtime.jar because:
  Build cache is disabled
  Caching not enabled.
Caching disabled for AggregatedPackagesTransform: /home/jules/.gradle/caches/8.13/transforms/fdecf3d8675630bc9220c258fe2b6146/transformed/lifecycle-viewmodel-release-runtime.jar because:
  Build cache is disabled
Caching disabled for AarToClassTransform: /home/jules/.gradle/caches/modules-2/files-2.1/androidx.lifecycle/lifecycle-livedata-core/2.9.4/8ffb4401079c231b0a85014cf2e4df02c804d53b/lifecycle-livedata-core-2.9.4.aar because:
  Build cache is disabled
  Caching not enabled.
Caching disabled for AggregatedPackagesTransform: /home/jules/.gradle/caches/8.13/transforms/b38bdaf19aa4f3a9cbcee338dcae5116/transformed/lifecycle-runtime-release-runtime.jar because:
  Build cache is disabled
Caching disabled for AarToClassTransform: /home/jules/.gradle/caches/modules-2/files-2.1/androidx.lifecycle/lifecycle-runtime-ktx-android/2.9.4/58b7a78b98c61ac487551aa60cd17e1a4d01af96/lifecycle-runtime-ktx.aar because:
  Build cache is disabled
  Caching not enabled.
Caching disabled for IdentityTransform: /home/jules/.gradle/caches/8.13/transforms/989777f3db4461ce6f116ffeca9385aa/transformed/lifecycle-runtime-ktx-runtime.jar because:
  Build cache is disabled
  Caching not enabled.
Caching disabled for CopyTransform: /home/jules/.gradle/caches/8.13/transforms/989777f3db4461ce6f116ffeca9385aa/transformed/lifecycle-runtime-ktx-runtime.jar because:
  Build cache is disabled
  Caching not enabled.
Caching disabled for IdentityTransform: /home/jules/.gradle/caches/8.13/transforms/3f2778c497aecff03cf2d9704795f85d/transformed/lifecycle-livedata-core-2.9.4-runtime.jar because:
  Build cache is disabled
  Caching not enabled.
Caching disabled for AggregatedPackagesTransform: /home/jules/.gradle/caches/8.13/transforms/989777f3db4461ce6f116ffeca9385aa/transformed/lifecycle-runtime-ktx-runtime.jar because:
  Build cache is disabled
Caching disabled for AarToClassTransform: /home/jules/.gradle/caches/modules-2/files-2.1/androidx.lifecycle/lifecycle-viewmodel-compose-android/2.9.4/19d9b04291f0ea3b40d629ffafadd8942c9d9f31/lifecycle-viewmodel-compose-release.aar because:
  Build cache is disabled
  Caching not enabled.
Caching disabled for CopyTransform: /home/jules/.gradle/caches/8.13/transforms/3f2778c497aecff03cf2d9704795f85d/transformed/lifecycle-livedata-core-2.9.4-runtime.jar because:
  Build cache is disabled
  Caching not enabled.
Caching disabled for AarToClassTransform: /home/jules/.gradle/caches/modules-2/files-2.1/androidx.compose.material/material-icons-extended-android/1.7.6/bfe16888e8a4ea407d82aeb38d8cf1a5e6c3b4b4/material-icons-extended-release.aar because:
  Build cache is disabled
  Caching not enabled.
Caching disabled for AggregatedPackagesTransform: /home/jules/.gradle/caches/8.13/transforms/3f2778c497aecff03cf2d9704795f85d/transformed/lifecycle-livedata-core-2.9.4-runtime.jar because:
  Build cache is disabled
Caching disabled for AarToClassTransform: /home/jules/.gradle/caches/modules-2/files-2.1/androidx.compose.material/material-icons-core-android/1.7.6/57538d4c99063937529d9daa0746247b6f90bd1c/material-icons-core-release.aar because:
  Build cache is disabled
  Caching not enabled.
Caching disabled for IdentityTransform: /home/jules/.gradle/caches/8.13/transforms/9935248b051d7ec115d97bb1bdf738e7/transformed/lifecycle-viewmodel-compose-release-runtime.jar because:
  Build cache is disabled
  Caching not enabled.
Caching disabled for CopyTransform: /home/jules/.gradle/caches/8.13/transforms/9935248b051d7ec115d97bb1bdf738e7/transformed/lifecycle-viewmodel-compose-release-runtime.jar because:
  Build cache is disabled
  Caching not enabled.
Caching disabled for AggregatedPackagesTransform: /home/jules/.gradle/caches/8.13/transforms/9935248b051d7ec115d97bb1bdf738e7/transformed/lifecycle-viewmodel-compose-release-runtime.jar because:
  Build cache is disabled
Caching disabled for AarToClassTransform: /home/jules/.gradle/caches/modules-2/files-2.1/com.google.accompanist/accompanist-drawablepainter/0.36.0/7997a34c82d1d095b7039c2a2644347481f3056c/accompanist-drawablepainter-0.36.0.aar because:
  Build cache is disabled
  Caching not enabled.
Caching disabled for IdentityTransform: /home/jules/.gradle/caches/8.13/transforms/8c9c966110aee5212a706c1f9f59a676/transformed/accompanist-drawablepainter-0.36.0-runtime.jar because:
  Build cache is disabled
  Caching not enabled.
Caching disabled for CopyTransform: /home/jules/.gradle/caches/8.13/transforms/8c9c966110aee5212a706c1f9f59a676/transformed/accompanist-drawablepainter-0.36.0-runtime.jar because:
  Build cache is disabled
  Caching not enabled.
Caching disabled for AggregatedPackagesTransform: /home/jules/.gradle/caches/8.13/transforms/8c9c966110aee5212a706c1f9f59a676/transformed/accompanist-drawablepainter-0.36.0-runtime.jar because:
  Build cache is disabled
Caching disabled for AarToClassTransform: /home/jules/.gradle/caches/modules-2/files-2.1/androidx.compose.ui/ui-android/1.9.0/ef842ca78fa643c52e02baf83b021cda44196ca6/ui-release.aar because:
  Build cache is disabled
  Caching not enabled.
Caching disabled for IdentityTransform: /home/jules/.gradle/caches/8.13/transforms/ec2faee07ba475e5c356f2268d628558/transformed/material-icons-core-release-runtime.jar because:
  Build cache is disabled
  Caching not enabled.
Caching disabled for CopyTransform: /home/jules/.gradle/caches/8.13/transforms/ec2faee07ba475e5c356f2268d628558/transformed/material-icons-core-release-runtime.jar because:
  Build cache is disabled
  Caching not enabled.
Caching disabled for AggregatedPackagesTransform: /home/jules/.gradle/caches/8.13/transforms/ec2faee07ba475e5c356f2268d628558/transformed/material-icons-core-release-runtime.jar because:
  Build cache is disabled
Caching disabled for AarToClassTransform: /home/jules/.gradle/caches/modules-2/files-2.1/androidx.activity/activity-ktx/1.11.0/ae9abb0f95aa61897a8eaeb8c4ed2f3691f87896/activity-ktx-1.11.0.aar because:
  Build cache is disabled
  Caching not enabled.
Caching disabled for IdentityTransform: /home/jules/.gradle/caches/8.13/transforms/ee5f76367904712f0b01f4e32cec2f2b/transformed/activity-ktx-1.11.0-runtime.jar because:
  Build cache is disabled
  Caching not enabled.
Caching disabled for CopyTransform: /home/jules/.gradle/caches/8.13/transforms/ee5f76367904712f0b01f4e32cec2f2b/transformed/activity-ktx-1.11.0-runtime.jar because:
  Build cache is disabled
  Caching not enabled.
Caching disabled for AggregatedPackagesTransform: /home/jules/.gradle/caches/8.13/transforms/ee5f76367904712f0b01f4e32cec2f2b/transformed/activity-ktx-1.11.0-runtime.jar because:
  Build cache is disabled
Caching disabled for AarToClassTransform: /home/jules/.gradle/caches/modules-2/files-2.1/androidx.activity/activity/1.11.0/e190d032356d2f9781c92e12e100559042c630f7/activity-1.11.0.aar because:
  Build cache is disabled
  Caching not enabled.
Caching disabled for IdentityTransform: /home/jules/.gradle/caches/8.13/transforms/a4bc4e24c9e8467004508767b7e69476/transformed/activity-1.11.0-runtime.jar because:
  Build cache is disabled
  Caching not enabled.
Caching disabled for CopyTransform: /home/jules/.gradle/caches/8.13/transforms/a4bc4e24c9e8467004508767b7e69476/transformed/activity-1.11.0-runtime.jar because:
  Build cache is disabled
  Caching not enabled.
Caching disabled for AggregatedPackagesTransform: /home/jules/.gradle/caches/8.13/transforms/a4bc4e24c9e8467004508767b7e69476/transformed/activity-1.11.0-runtime.jar because:
  Build cache is disabled
Caching disabled for AarToClassTransform: /home/jules/.gradle/caches/modules-2/files-2.1/androidx.activity/activity-compose/1.11.0/9ea64a34bd12022c5a00c574474655876730e84e/activity-compose-1.11.0.aar because:
  Build cache is disabled
  Caching not enabled.
Caching disabled for IdentityTransform: /home/jules/.gradle/caches/8.13/transforms/fe9105746f9a58520a732c011cc0af73/transformed/activity-compose-1.11.0-runtime.jar because:
  Build cache is disabled
  Caching not enabled.
Caching disabled for CopyTransform: /home/jules/.gradle/caches/8.13/transforms/fe9105746f9a58520a732c011cc0af73/transformed/activity-compose-1.11.0-runtime.jar because:
  Build cache is disabled
  Caching not enabled.
Caching disabled for AggregatedPackagesTransform: /home/jules/.gradle/caches/8.13/transforms/fe9105746f9a58520a732c011cc0af73/transformed/activity-compose-1.11.0-runtime.jar because:
  Build cache is disabled
Caching disabled for AarToClassTransform: /home/jules/.gradle/caches/modules-2/files-2.1/androidx.customview/customview-poolingcontainer/1.0.0/579fc832cf0e5be08d8d9571850b50d22d9de3c/customview-poolingcontainer-1.0.0.aar because:
  Build cache is disabled
  Caching not enabled.
Caching disabled for IdentityTransform: /home/jules/.gradle/caches/8.13/transforms/22e573e45dbdf09965d6e653b2ef6f73/transformed/customview-poolingcontainer-1.0.0-runtime.jar because:
  Build cache is disabled
  Caching not enabled.
Caching disabled for CopyTransform: /home/jules/.gradle/caches/8.13/transforms/22e573e45dbdf09965d6e653b2ef6f73/transformed/customview-poolingcontainer-1.0.0-runtime.jar because:
  Build cache is disabled
  Caching not enabled.
Caching disabled for AggregatedPackagesTransform: /home/jules/.gradle/caches/8.13/transforms/22e573e45dbdf09965d6e653b2ef6f73/transformed/customview-poolingcontainer-1.0.0-runtime.jar because:
  Build cache is disabled
Caching disabled for AarToClassTransform: /home/jules/.gradle/caches/modules-2/files-2.1/androidx.core/core-ktx/1.17.0/77d65388760e55bd6336907eec271607afb6c62f/core-ktx-1.17.0.aar because:
  Build cache is disabled
  Caching not enabled.
Caching disabled for IdentityTransform: /home/jules/.gradle/caches/8.13/transforms/7272dce50e1af2f757ec3881ad7bd6ba/transformed/core-ktx-1.17.0-runtime.jar because:
  Build cache is disabled
  Caching not enabled.
Caching disabled for CopyTransform: /home/jules/.gradle/caches/8.13/transforms/7272dce50e1af2f757ec3881ad7bd6ba/transformed/core-ktx-1.17.0-runtime.jar because:
  Build cache is disabled
  Caching not enabled.
Caching disabled for AggregatedPackagesTransform: /home/jules/.gradle/caches/8.13/transforms/7272dce50e1af2f757ec3881ad7bd6ba/transformed/core-ktx-1.17.0-runtime.jar because:
  Build cache is disabled
Caching disabled for CopyTransform: /home/jules/.gradle/caches/modules-2/files-2.1/androidx.room/room-common-jvm/2.7.0-alpha12/ece9fb90b2f6460bf76ce06493ffe0168f81b517/room-common-jvm-2.7.0-alpha12.jar because:
  Build cache is disabled
  Caching not enabled.
Caching disabled for IdentityTransform: /home/jules/.gradle/caches/8.13/transforms/c8b64b87238ab2adb237f1f5cf98bf4e/transformed/ui-release-runtime.jar because:
  Build cache is disabled
  Caching not enabled.
Caching disabled for AggregatedPackagesTransform: /home/jules/.gradle/caches/modules-2/files-2.1/androidx.room/room-common-jvm/2.7.0-alpha12/ece9fb90b2f6460bf76ce06493ffe0168f81b517/room-common-jvm-2.7.0-alpha12.jar because:
  Build cache is disabled
Caching disabled for AarToClassTransform: /home/jules/.gradle/caches/modules-2/files-2.1/androidx.room/room-runtime-android/2.7.0-alpha12/91b25a8b225db91e7865964f2967906b2f0900d9/room-runtime-release.aar because:
  Build cache is disabled
  Caching not enabled.
Caching disabled for IdentityTransform: /home/jules/.gradle/caches/8.13/transforms/fadf628d7baf3a5d1c25fb034ad24667/transformed/room-runtime-release-runtime.jar because:
  Build cache is disabled
  Caching not enabled.
Caching disabled for CopyTransform: /home/jules/.gradle/caches/8.13/transforms/c8b64b87238ab2adb237f1f5cf98bf4e/transformed/ui-release-runtime.jar because:
  Build cache is disabled
  Caching not enabled.
Caching disabled for AggregatedPackagesTransform: /home/jules/.gradle/caches/8.13/transforms/c8b64b87238ab2adb237f1f5cf98bf4e/transformed/ui-release-runtime.jar because:
  Build cache is disabled
Caching disabled for CopyTransform: /home/jules/.gradle/caches/8.13/transforms/fadf628d7baf3a5d1c25fb034ad24667/transformed/room-runtime-release-runtime.jar because:
  Build cache is disabled
  Caching not enabled.
Caching disabled for AggregatedPackagesTransform: /home/jules/.gradle/caches/8.13/transforms/fadf628d7baf3a5d1c25fb034ad24667/transformed/room-runtime-release-runtime.jar because:
  Build cache is disabled
Caching disabled for AarToClassTransform: /home/jules/.gradle/caches/modules-2/files-2.1/androidx.room/room-ktx/2.7.0-alpha12/6cc5b54532a40233b0fcf788e9c5ce4ba50b2b76/room-ktx-2.7.0-alpha12.aar because:
  Build cache is disabled
  Caching not enabled.
Caching disabled for IdentityTransform: /home/jules/.gradle/caches/8.13/transforms/bdf69c826cd99d709ffc3dad23235a4b/transformed/room-ktx-2.7.0-alpha12-runtime.jar because:
  Build cache is disabled
  Caching not enabled.
Caching disabled for CopyTransform: /home/jules/.gradle/caches/8.13/transforms/bdf69c826cd99d709ffc3dad23235a4b/transformed/room-ktx-2.7.0-alpha12-runtime.jar because:
  Build cache is disabled
  Caching not enabled.
Caching disabled for AggregatedPackagesTransform: /home/jules/.gradle/caches/8.13/transforms/bdf69c826cd99d709ffc3dad23235a4b/transformed/room-ktx-2.7.0-alpha12-runtime.jar because:
  Build cache is disabled
Caching disabled for CopyTransform: /home/jules/.gradle/caches/modules-2/files-2.1/io.ktor/ktor-serialization-kotlinx-json-jvm/2.2.4/b1ffe7159b4fd16e0dd1a58b7f014f137b895779/ktor-serialization-kotlinx-json-jvm-2.2.4.jar because:
  Build cache is disabled
  Caching not enabled.
Caching disabled for AggregatedPackagesTransform: /home/jules/.gradle/caches/modules-2/files-2.1/io.ktor/ktor-serialization-kotlinx-json-jvm/2.2.4/b1ffe7159b4fd16e0dd1a58b7f014f137b895779/ktor-serialization-kotlinx-json-jvm-2.2.4.jar because:
  Build cache is disabled
Caching disabled for CopyTransform: /home/jules/.gradle/caches/modules-2/files-2.1/io.ktor/ktor-serialization-kotlinx-jvm/2.2.4/f8472e075be73000322a2c8330c64b83a3d6e683/ktor-serialization-kotlinx-jvm-2.2.4.jar because:
  Build cache is disabled
  Caching not enabled.
Caching disabled for CopyTransform: /home/jules/.gradle/caches/modules-2/files-2.1/org.jetbrains.kotlinx/kotlinx-serialization-core-jvm/1.7.3/1f226780b845ff9206474c05159245d861556249/kotlinx-serialization-core-jvm-1.7.3.jar because:
  Build cache is disabled
  Caching not enabled.
Caching disabled for AggregatedPackagesTransform: /home/jules/.gradle/caches/modules-2/files-2.1/org.jetbrains.kotlinx/kotlinx-serialization-core-jvm/1.7.3/1f226780b845ff9206474c05159245d861556249/kotlinx-serialization-core-jvm-1.7.3.jar because:
  Build cache is disabled
Caching disabled for AggregatedPackagesTransform: /home/jules/.gradle/caches/modules-2/files-2.1/io.ktor/ktor-serialization-kotlinx-jvm/2.2.4/f8472e075be73000322a2c8330c64b83a3d6e683/ktor-serialization-kotlinx-jvm-2.2.4.jar because:
  Build cache is disabled
Caching disabled for CopyTransform: /home/jules/.gradle/caches/modules-2/files-2.1/org.jetbrains.kotlinx/kotlinx-serialization-json-jvm/1.7.3/6701e8c68d9e82387ce72ee96e8ddf058208d58f/kotlinx-serialization-json-jvm-1.7.3.jar because:
  Build cache is disabled
  Caching not enabled.
Caching disabled for AggregatedPackagesTransform: /home/jules/.gradle/caches/modules-2/files-2.1/org.jetbrains.kotlinx/kotlinx-serialization-json-jvm/1.7.3/6701e8c68d9e82387ce72ee96e8ddf058208d58f/kotlinx-serialization-json-jvm-1.7.3.jar because:
  Build cache is disabled
Caching disabled for AarToClassTransform: /home/jules/.gradle/caches/modules-2/files-2.1/androidx.annotation/annotation-experimental/1.4.1/7851235e2a16ce50270a74b555edaf9209b42864/annotation-experimental-1.4.1.aar because:
  Build cache is disabled
  Caching not enabled.
Caching disabled for AarToClassTransform: /home/jules/.gradle/caches/modules-2/files-2.1/androidx.core/core-viewtree/1.0.0/449ba4f495b4d10d18edd01f32f9328be40d5749/core-viewtree-1.0.0.aar because:
  Build cache is disabled
  Caching not enabled.
Caching disabled for IdentityTransform: /home/jules/.gradle/caches/8.13/transforms/351484b215840d53cd413d341f1df3ef/transformed/annotation-experimental-1.4.1-runtime.jar because:
  Build cache is disabled
  Caching not enabled.
Caching disabled for IdentityTransform: /home/jules/.gradle/caches/8.13/transforms/690f71cde544b5a28bfda093dee93aee/transformed/core-viewtree-1.0.0-runtime.jar because:
  Build cache is disabled
  Caching not enabled.
Caching disabled for CopyTransform: /home/jules/.gradle/caches/8.13/transforms/351484b215840d53cd413d341f1df3ef/transformed/annotation-experimental-1.4.1-runtime.jar because:
  Build cache is disabled
  Caching not enabled.
Caching disabled for AggregatedPackagesTransform: /home/jules/.gradle/caches/8.13/transforms/351484b215840d53cd413d341f1df3ef/transformed/annotation-experimental-1.4.1-runtime.jar because:
  Build cache is disabled
Caching disabled for CopyTransform: /home/jules/.gradle/caches/8.13/transforms/690f71cde544b5a28bfda093dee93aee/transformed/core-viewtree-1.0.0-runtime.jar because:
  Build cache is disabled
  Caching not enabled.
Caching disabled for AggregatedPackagesTransform: /home/jules/.gradle/caches/8.13/transforms/690f71cde544b5a28bfda093dee93aee/transformed/core-viewtree-1.0.0-runtime.jar because:
  Build cache is disabled
Caching disabled for AarToClassTransform: /home/jules/.gradle/caches/modules-2/files-2.1/androidx.interpolator/interpolator/1.0.0/8a01fa254a23b9388571eb6334b03707c7d122d7/interpolator-1.0.0.aar because:
  Build cache is disabled
  Caching not enabled.
Caching disabled for IdentityTransform: /home/jules/.gradle/caches/8.13/transforms/39cd0110fbdd8b73f20930df99018428/transformed/interpolator-1.0.0-runtime.jar because:
  Build cache is disabled
  Caching not enabled.
Caching disabled for CopyTransform: /home/jules/.gradle/caches/8.13/transforms/39cd0110fbdd8b73f20930df99018428/transformed/interpolator-1.0.0-runtime.jar because:
  Build cache is disabled
  Caching not enabled.
Caching disabled for AggregatedPackagesTransform: /home/jules/.gradle/caches/8.13/transforms/39cd0110fbdd8b73f20930df99018428/transformed/interpolator-1.0.0-runtime.jar because:
  Build cache is disabled
Caching disabled for AarToClassTransform: /home/jules/.gradle/caches/modules-2/files-2.1/androidx.profileinstaller/profileinstaller/1.4.1/be24aadea661ee537836169df5026fb8f370af9f/profileinstaller-1.4.1.aar because:
  Build cache is disabled
  Caching not enabled.
Caching disabled for AarToClassTransform: /home/jules/.gradle/caches/modules-2/files-2.1/androidx.startup/startup-runtime/1.1.1/9d4ba67056aff98b69eadc1477c19a1e67cb9470/startup-runtime-1.1.1.aar because:
  Build cache is disabled
  Caching not enabled.
Caching disabled for IdentityTransform: /home/jules/.gradle/caches/8.13/transforms/76eea90e7cc3389ac2c6ddb00ef0d8b2/transformed/startup-runtime-1.1.1-runtime.jar because:
  Build cache is disabled
  Caching not enabled.
Caching disabled for IdentityTransform: /home/jules/.gradle/caches/8.13/transforms/31808dcc6168a741254abd67848eed1a/transformed/profileinstaller-1.4.1-runtime.jar because:
  Build cache is disabled
  Caching not enabled.
Caching disabled for CopyTransform: /home/jules/.gradle/caches/8.13/transforms/76eea90e7cc3389ac2c6ddb00ef0d8b2/transformed/startup-runtime-1.1.1-runtime.jar because:
  Build cache is disabled
  Caching not enabled.
Caching disabled for CopyTransform: /home/jules/.gradle/caches/8.13/transforms/31808dcc6168a741254abd67848eed1a/transformed/profileinstaller-1.4.1-runtime.jar because:
  Build cache is disabled
  Caching not enabled.
Caching disabled for AggregatedPackagesTransform: /home/jules/.gradle/caches/8.13/transforms/76eea90e7cc3389ac2c6ddb00ef0d8b2/transformed/startup-runtime-1.1.1-runtime.jar because:
  Build cache is disabled
Caching disabled for AggregatedPackagesTransform: /home/jules/.gradle/caches/8.13/transforms/31808dcc6168a741254abd67848eed1a/transformed/profileinstaller-1.4.1-runtime.jar because:
  Build cache is disabled
Caching disabled for AarToClassTransform: /home/jules/.gradle/caches/modules-2/files-2.1/androidx.tracing/tracing/1.2.0/a6ac2cc501278fdc99c56b428548e0cd1e9300f7/tracing-1.2.0.aar because:
  Build cache is disabled
  Caching not enabled.
Caching disabled for AarToClassTransform: /home/jules/.gradle/caches/modules-2/files-2.1/androidx.versionedparcelable/versionedparcelable/1.1.1/18e18071e7715679e0593c570217edeb5ca48b9e/versionedparcelable-1.1.1.aar because:
  Build cache is disabled
  Caching not enabled.
Caching disabled for IdentityTransform: /home/jules/.gradle/caches/8.13/transforms/3e81f64a8d0a042dd975e190719424bd/transformed/tracing-1.2.0-runtime.jar because:
  Build cache is disabled
  Caching not enabled.
Caching disabled for IdentityTransform: /home/jules/.gradle/caches/8.13/transforms/ed312cd7e3a907b9ca73e35c709c17dc/transformed/versionedparcelable-1.1.1-runtime.jar because:
  Build cache is disabled
  Caching not enabled.
Caching disabled for CopyTransform: /home/jules/.gradle/caches/8.13/transforms/3e81f64a8d0a042dd975e190719424bd/transformed/tracing-1.2.0-runtime.jar because:
  Build cache is disabled
  Caching not enabled.
Caching disabled for CopyTransform: /home/jules/.gradle/caches/8.13/transforms/ed312cd7e3a907b9ca73e35c709c17dc/transformed/versionedparcelable-1.1.1-runtime.jar because:
  Build cache is disabled
  Caching not enabled.
Caching disabled for AggregatedPackagesTransform: /home/jules/.gradle/caches/8.13/transforms/3e81f64a8d0a042dd975e190719424bd/transformed/tracing-1.2.0-runtime.jar because:
  Build cache is disabled
Caching disabled for AarToClassTransform: /home/jules/.gradle/caches/modules-2/files-2.1/androidx.arch.core/core-runtime/2.2.0/39705982680d78556b679ef9d5400d4f17509b0b/core-runtime-2.2.0.aar because:
  Build cache is disabled
  Caching not enabled.
Caching disabled for AggregatedPackagesTransform: /home/jules/.gradle/caches/8.13/transforms/ed312cd7e3a907b9ca73e35c709c17dc/transformed/versionedparcelable-1.1.1-runtime.jar because:
  Build cache is disabled
Caching disabled for CopyTransform: /home/jules/.gradle/caches/modules-2/files-2.1/androidx.arch.core/core-common/2.2.0/5e1b8b81dfd5f52c56a8d53b18ca759c19a301f3/core-common-2.2.0.jar because:
  Build cache is disabled
  Caching not enabled.
Caching disabled for IdentityTransform: /home/jules/.gradle/caches/8.13/transforms/fc7ac7c8f4a78486e758f59ce9946853/transformed/core-runtime-2.2.0-runtime.jar because:
  Build cache is disabled
  Caching not enabled.
Caching disabled for AggregatedPackagesTransform: /home/jules/.gradle/caches/modules-2/files-2.1/androidx.arch.core/core-common/2.2.0/5e1b8b81dfd5f52c56a8d53b18ca759c19a301f3/core-common-2.2.0.jar because:
  Build cache is disabled
Caching disabled for CopyTransform: /home/jules/.gradle/caches/8.13/transforms/fc7ac7c8f4a78486e758f59ce9946853/transformed/core-runtime-2.2.0-runtime.jar because:
  Build cache is disabled
  Caching not enabled.
Caching disabled for AggregatedPackagesTransform: /home/jules/.gradle/caches/8.13/transforms/fc7ac7c8f4a78486e758f59ce9946853/transformed/core-runtime-2.2.0-runtime.jar because:
  Build cache is disabled
Caching disabled for AarToClassTransform: /home/jules/.gradle/caches/modules-2/files-2.1/androidx.sqlite/sqlite-framework-android/2.5.0-alpha12/56b3643c2b42d7b536c2c2fafcce1ab6b7a47327/sqlite-framework.aar because:
  Build cache is disabled
  Caching not enabled.
Caching disabled for AarToClassTransform: /home/jules/.gradle/caches/modules-2/files-2.1/androidx.sqlite/sqlite-android/2.5.0-alpha12/28b1d20731cc87d7577e76f0bcbf794af17caa0d/sqlite.aar because:
  Build cache is disabled
  Caching not enabled.
Caching disabled for IdentityTransform: /home/jules/.gradle/caches/8.13/transforms/b0261585343964f7d70e6cab3b974215/transformed/sqlite-framework-runtime.jar because:
  Build cache is disabled
  Caching not enabled.
Caching disabled for IdentityTransform: /home/jules/.gradle/caches/8.13/transforms/202ee89451e223a5c3bbaffbdaeb3d93/transformed/sqlite-runtime.jar because:
  Build cache is disabled
  Caching not enabled.
Caching disabled for CopyTransform: /home/jules/.gradle/caches/8.13/transforms/b0261585343964f7d70e6cab3b974215/transformed/sqlite-framework-runtime.jar because:
  Build cache is disabled
  Caching not enabled.
Caching disabled for CopyTransform: /home/jules/.gradle/caches/8.13/transforms/202ee89451e223a5c3bbaffbdaeb3d93/transformed/sqlite-runtime.jar because:
  Build cache is disabled
  Caching not enabled.
Caching disabled for AggregatedPackagesTransform: /home/jules/.gradle/caches/8.13/transforms/b0261585343964f7d70e6cab3b974215/transformed/sqlite-framework-runtime.jar because:
  Build cache is disabled
Caching disabled for AggregatedPackagesTransform: /home/jules/.gradle/caches/8.13/transforms/202ee89451e223a5c3bbaffbdaeb3d93/transformed/sqlite-runtime.jar because:
  Build cache is disabled
Caching disabled for AarToClassTransform: /home/jules/.gradle/caches/modules-2/files-2.1/androidx.exifinterface/exifinterface/1.3.7/294ecda0567595907e142b6c364375521ba2b876/exifinterface-1.3.7.aar because:
  Build cache is disabled
  Caching not enabled.
Caching disabled for IdentityTransform: /home/jules/.gradle/caches/8.13/transforms/e9591359569b309d2dac64631c8d9b54/transformed/exifinterface-1.3.7-runtime.jar because:
  Build cache is disabled
  Caching not enabled.
Caching disabled for CopyTransform: /home/jules/.gradle/caches/8.13/transforms/e9591359569b309d2dac64631c8d9b54/transformed/exifinterface-1.3.7-runtime.jar because:
  Build cache is disabled
  Caching not enabled.
Caching disabled for AggregatedPackagesTransform: /home/jules/.gradle/caches/8.13/transforms/e9591359569b309d2dac64631c8d9b54/transformed/exifinterface-1.3.7-runtime.jar because:
  Build cache is disabled
Caching disabled for IdentityTransform: /home/jules/.gradle/caches/8.13/transforms/ed82651aab3322926bc73ddb8218294a/transformed/material-icons-extended-release-runtime.jar because:
  Build cache is disabled
  Caching not enabled.
Caching disabled for CopyTransform: /home/jules/.gradle/caches/8.13/transforms/ed82651aab3322926bc73ddb8218294a/transformed/material-icons-extended-release-runtime.jar because:
  Build cache is disabled
  Caching not enabled.
Caching disabled for AggregatedPackagesTransform: /home/jules/.gradle/caches/8.13/transforms/ed82651aab3322926bc73ddb8218294a/transformed/material-icons-extended-release-runtime.jar because:
  Build cache is disabled
Caching disabled for CopyTransform: /home/jules/.gradle/caches/modules-2/files-2.1/androidx.collection/collection-jvm/1.5.0/7ba2c69414d46ebc2dd76598bdd0a75c54281a57/collection-jvm-1.5.0.jar because:
  Build cache is disabled
  Caching not enabled.
Caching disabled for AggregatedPackagesTransform: /home/jules/.gradle/caches/modules-2/files-2.1/androidx.collection/collection-jvm/1.5.0/7ba2c69414d46ebc2dd76598bdd0a75c54281a57/collection-jvm-1.5.0.jar because:
  Build cache is disabled
Caching disabled for CopyTransform: /home/jules/.gradle/caches/modules-2/files-2.1/androidx.annotation/annotation-jvm/1.9.1/b17951747e38bf3986a24431b9ba0d039958aa5f/annotation-jvm-1.9.1.jar because:
  Build cache is disabled
  Caching not enabled.
Caching disabled for AggregatedPackagesTransform: /home/jules/.gradle/caches/modules-2/files-2.1/androidx.annotation/annotation-jvm/1.9.1/b17951747e38bf3986a24431b9ba0d039958aa5f/annotation-jvm-1.9.1.jar because:
  Build cache is disabled
Caching disabled for CopyTransform: /home/jules/.gradle/caches/modules-2/files-2.1/io.ktor/ktor-client-content-negotiation-jvm/2.2.4/8ed92855654138bb87c1e45c7975e918fa260e54/ktor-client-content-negotiation-jvm-2.2.4.jar because:
  Build cache is disabled
  Caching not enabled.
Caching disabled for AggregatedPackagesTransform: /home/jules/.gradle/caches/modules-2/files-2.1/io.ktor/ktor-client-content-negotiation-jvm/2.2.4/8ed92855654138bb87c1e45c7975e918fa260e54/ktor-client-content-negotiation-jvm-2.2.4.jar because:
  Build cache is disabled
Caching disabled for CopyTransform: /home/jules/.gradle/caches/modules-2/files-2.1/io.ktor/ktor-client-okhttp-jvm/2.2.4/5a1a8e20f83f229acd3a1bfe10b5c5eb372c2844/ktor-client-okhttp-jvm-2.2.4.jar because:
  Build cache is disabled
  Caching not enabled.
Caching disabled for AggregatedPackagesTransform: /home/jules/.gradle/caches/modules-2/files-2.1/io.ktor/ktor-client-okhttp-jvm/2.2.4/5a1a8e20f83f229acd3a1bfe10b5c5eb372c2844/ktor-client-okhttp-jvm-2.2.4.jar because:
  Build cache is disabled
Caching disabled for CopyTransform: /home/jules/.gradle/caches/modules-2/files-2.1/io.ktor/ktor-client-core-jvm/2.2.4/76d9e7a8dccbed982e9df919e5f525a4f5515ced/ktor-client-core-jvm-2.2.4.jar because:
  Build cache is disabled
  Caching not enabled.
Caching disabled for AggregatedPackagesTransform: /home/jules/.gradle/caches/modules-2/files-2.1/io.ktor/ktor-client-core-jvm/2.2.4/76d9e7a8dccbed982e9df919e5f525a4f5515ced/ktor-client-core-jvm-2.2.4.jar because:
  Build cache is disabled
Caching disabled for CopyTransform: /home/jules/.gradle/caches/modules-2/files-2.1/io.ktor/ktor-events-jvm/2.2.4/bef995ae157d5d14fd41fc5516fa846e43591bfc/ktor-events-jvm-2.2.4.jar because:
  Build cache is disabled
  Caching not enabled.
Caching disabled for AggregatedPackagesTransform: /home/jules/.gradle/caches/modules-2/files-2.1/io.ktor/ktor-events-jvm/2.2.4/bef995ae157d5d14fd41fc5516fa846e43591bfc/ktor-events-jvm-2.2.4.jar because:
  Build cache is disabled
Caching disabled for CopyTransform: /home/jules/.gradle/caches/modules-2/files-2.1/io.ktor/ktor-websocket-serialization-jvm/2.2.4/4ffbd85ba77e16bb61a90239fc94a7fd7b2c6c0e/ktor-websocket-serialization-jvm-2.2.4.jar because:
  Build cache is disabled
  Caching not enabled.
Caching disabled for AggregatedPackagesTransform: /home/jules/.gradle/caches/modules-2/files-2.1/io.ktor/ktor-websocket-serialization-jvm/2.2.4/4ffbd85ba77e16bb61a90239fc94a7fd7b2c6c0e/ktor-websocket-serialization-jvm-2.2.4.jar because:
  Build cache is disabled
Caching disabled for CopyTransform: /home/jules/.gradle/caches/modules-2/files-2.1/io.ktor/ktor-serialization-jvm/2.2.4/5bdef027d90d8eb90d63430b4d0d2916b45e6709/ktor-serialization-jvm-2.2.4.jar because:
  Build cache is disabled
  Caching not enabled.
Caching disabled for AggregatedPackagesTransform: /home/jules/.gradle/caches/modules-2/files-2.1/io.ktor/ktor-serialization-jvm/2.2.4/5bdef027d90d8eb90d63430b4d0d2916b45e6709/ktor-serialization-jvm-2.2.4.jar because:
  Build cache is disabled
Caching disabled for CopyTransform: /home/jules/.gradle/caches/modules-2/files-2.1/io.ktor/ktor-websockets-jvm/2.2.4/e421265f8fbb10a882361be2f756154e135e68f8/ktor-websockets-jvm-2.2.4.jar because:
  Build cache is disabled
  Caching not enabled.
Caching disabled for AggregatedPackagesTransform: /home/jules/.gradle/caches/modules-2/files-2.1/io.ktor/ktor-websockets-jvm/2.2.4/e421265f8fbb10a882361be2f756154e135e68f8/ktor-websockets-jvm-2.2.4.jar because:
  Build cache is disabled
Caching disabled for CopyTransform: /home/jules/.gradle/caches/modules-2/files-2.1/io.ktor/ktor-http-jvm/2.2.4/7010d6fc3a10dfa5be0ef42f9bea91facd07b01b/ktor-http-jvm-2.2.4.jar because:
  Build cache is disabled
  Caching not enabled.
Caching disabled for AggregatedPackagesTransform: /home/jules/.gradle/caches/modules-2/files-2.1/io.ktor/ktor-http-jvm/2.2.4/7010d6fc3a10dfa5be0ef42f9bea91facd07b01b/ktor-http-jvm-2.2.4.jar because:
  Build cache is disabled
Caching disabled for CopyTransform: /home/jules/.gradle/caches/modules-2/files-2.1/io.ktor/ktor-utils-jvm/2.2.4/c516ba0dc59aa741744527e8c529f15331c18f72/ktor-utils-jvm-2.2.4.jar because:
  Build cache is disabled
  Caching not enabled.
Caching disabled for AggregatedPackagesTransform: /home/jules/.gradle/caches/modules-2/files-2.1/io.ktor/ktor-utils-jvm/2.2.4/c516ba0dc59aa741744527e8c529f15331c18f72/ktor-utils-jvm-2.2.4.jar because:
  Build cache is disabled
Caching disabled for CopyTransform: /home/jules/.gradle/caches/modules-2/files-2.1/io.ktor/ktor-io-jvm/2.2.4/803fcf7880fa1a978eee825c66018982912e2c6b/ktor-io-jvm-2.2.4.jar because:
  Build cache is disabled
  Caching not enabled.
Caching disabled for AggregatedPackagesTransform: /home/jules/.gradle/caches/modules-2/files-2.1/io.ktor/ktor-io-jvm/2.2.4/803fcf7880fa1a978eee825c66018982912e2c6b/ktor-io-jvm-2.2.4.jar because:
  Build cache is disabled
Downloading https://dl.google.com/dl/android/maven2/androidx/lifecycle/lifecycle-common-java8/2.9.4/lifecycle-common-java8-2.9.4.jar to /home/jules/.gradle/.tmp/gradle_download1243776862006341585bin
Downloading https://dl.google.com/dl/android/maven2/androidx/concurrent/concurrent-futures/1.1.0/concurrent-futures-1.1.0.jar to /home/jules/.gradle/.tmp/gradle_download3173886457785266715bin
Caching disabled for IdentityTransform: /home/jules/.gradle/caches/modules-2/files-2.1/androidx.concurrent/concurrent-futures/1.1.0/50b7fb98350d5f42a4e49704b03278542293ba48/concurrent-futures-1.1.0.jar because:
  Build cache is disabled
  Caching not enabled.
Caching disabled for IdentityTransform: /home/jules/.gradle/caches/modules-2/files-2.1/androidx.lifecycle/lifecycle-common-java8/2.9.4/86a8e6b9d0ba0c964fdc7223a38b6ce74bcb24dd/lifecycle-common-java8-2.9.4.jar because:
  Build cache is disabled
  Caching not enabled.
Caching disabled for CopyTransform: /home/jules/.gradle/caches/modules-2/files-2.1/androidx.lifecycle/lifecycle-common-java8/2.9.4/86a8e6b9d0ba0c964fdc7223a38b6ce74bcb24dd/lifecycle-common-java8-2.9.4.jar because:
  Build cache is disabled
  Caching not enabled.
Caching disabled for CopyTransform: /home/jules/.gradle/caches/modules-2/files-2.1/androidx.concurrent/concurrent-futures/1.1.0/50b7fb98350d5f42a4e49704b03278542293ba48/concurrent-futures-1.1.0.jar because:
  Build cache is disabled
  Caching not enabled.
Caching disabled for AggregatedPackagesTransform: /home/jules/.gradle/caches/modules-2/files-2.1/androidx.lifecycle/lifecycle-common-java8/2.9.4/86a8e6b9d0ba0c964fdc7223a38b6ce74bcb24dd/lifecycle-common-java8-2.9.4.jar because:
  Build cache is disabled
Caching disabled for AggregatedPackagesTransform: /home/jules/.gradle/caches/modules-2/files-2.1/androidx.concurrent/concurrent-futures/1.1.0/50b7fb98350d5f42a4e49704b03278542293ba48/concurrent-futures-1.1.0.jar because:
  Build cache is disabled
Caching disabled for CopyTransform: /home/jules/.gradle/caches/modules-2/files-2.1/org.jetbrains.kotlinx/kotlinx-coroutines-jdk8/1.9.0/8290370427d17b921573534e14a37b659b5d3ab5/kotlinx-coroutines-jdk8-1.9.0.jar because:
  Build cache is disabled
  Caching not enabled.
Caching disabled for AggregatedPackagesTransform: /home/jules/.gradle/caches/modules-2/files-2.1/org.jetbrains.kotlinx/kotlinx-coroutines-jdk8/1.9.0/8290370427d17b921573534e14a37b659b5d3ab5/kotlinx-coroutines-jdk8-1.9.0.jar because:
  Build cache is disabled
Caching disabled for CopyTransform: /home/jules/.gradle/caches/modules-2/files-2.1/org.jetbrains.kotlinx/kotlinx-coroutines-core-jvm/1.9.0/9beade4c1c1569e4f36cbd2c37e02e3e41502601/kotlinx-coroutines-core-jvm-1.9.0.jar because:
  Build cache is disabled
  Caching not enabled.
Caching disabled for AggregatedPackagesTransform: /home/jules/.gradle/caches/modules-2/files-2.1/org.jetbrains.kotlinx/kotlinx-coroutines-core-jvm/1.9.0/9beade4c1c1569e4f36cbd2c37e02e3e41502601/kotlinx-coroutines-core-jvm-1.9.0.jar because:
  Build cache is disabled
Downloading https://dl.google.com/dl/android/maven2/androidx/collection/collection-ktx/1.5.0/collection-ktx-1.5.0.jar to /home/jules/.gradle/.tmp/gradle_download809107422522112986bin
Caching disabled for IdentityTransform: /home/jules/.gradle/caches/modules-2/files-2.1/androidx.collection/collection-ktx/1.5.0/27c78a926a16a1bf792b2285cf2834e8caae4a07/collection-ktx-1.5.0.jar because:
  Build cache is disabled
  Caching not enabled.
Caching disabled for CopyTransform: /home/jules/.gradle/caches/modules-2/files-2.1/androidx.collection/collection-ktx/1.5.0/27c78a926a16a1bf792b2285cf2834e8caae4a07/collection-ktx-1.5.0.jar because:
  Build cache is disabled
  Caching not enabled.
Caching disabled for AggregatedPackagesTransform: /home/jules/.gradle/caches/modules-2/files-2.1/androidx.collection/collection-ktx/1.5.0/27c78a926a16a1bf792b2285cf2834e8caae4a07/collection-ktx-1.5.0.jar because:
  Build cache is disabled
Caching disabled for CopyTransform: /home/jules/.gradle/caches/modules-2/files-2.1/org.jetbrains.kotlinx/kotlinx-coroutines-android/1.9.0/6cf3b8df5a2ce8c6b0dffe55657a827c405ee2fe/kotlinx-coroutines-android-1.9.0.jar because:
  Build cache is disabled
  Caching not enabled.
Caching disabled for AggregatedPackagesTransform: /home/jules/.gradle/caches/modules-2/files-2.1/org.jetbrains.kotlinx/kotlinx-coroutines-android/1.9.0/6cf3b8df5a2ce8c6b0dffe55657a827c405ee2fe/kotlinx-coroutines-android-1.9.0.jar because:
  Build cache is disabled
Caching disabled for CopyTransform: /home/jules/.gradle/caches/modules-2/files-2.1/com.squareup.okhttp3/logging-interceptor/4.12.0/e922c1f14d365c0f2bed140cc0825e18462c2778/logging-interceptor-4.12.0.jar because:
  Build cache is disabled
  Caching not enabled.
Caching disabled for AggregatedPackagesTransform: /home/jules/.gradle/caches/modules-2/files-2.1/com.squareup.okhttp3/logging-interceptor/4.12.0/e922c1f14d365c0f2bed140cc0825e18462c2778/logging-interceptor-4.12.0.jar because:
  Build cache is disabled
Caching disabled for CopyTransform: /home/jules/.gradle/caches/modules-2/files-2.1/com.squareup.okhttp3/okhttp/4.12.0/2f4525d4a200e97e1b87449c2cd9bd2e25b7e8cd/okhttp-4.12.0.jar because:
  Build cache is disabled
  Caching not enabled.
Caching disabled for CopyTransform: /home/jules/.gradle/caches/modules-2/files-2.1/org.jetbrains.kotlin/kotlin-stdlib-jdk8/1.8.21/67f57e154437cd9e6e9cf368394b95814836ff88/kotlin-stdlib-jdk8-1.8.21.jar because:
  Build cache is disabled
  Caching not enabled.
Caching disabled for AggregatedPackagesTransform: /home/jules/.gradle/caches/modules-2/files-2.1/com.squareup.okhttp3/okhttp/4.12.0/2f4525d4a200e97e1b87449c2cd9bd2e25b7e8cd/okhttp-4.12.0.jar because:
  Build cache is disabled
Caching disabled for AggregatedPackagesTransform: /home/jules/.gradle/caches/modules-2/files-2.1/org.jetbrains.kotlin/kotlin-stdlib-jdk8/1.8.21/67f57e154437cd9e6e9cf368394b95814836ff88/kotlin-stdlib-jdk8-1.8.21.jar because:
  Build cache is disabled
Caching disabled for CopyTransform: /home/jules/.gradle/caches/modules-2/files-2.1/com.squareup.okio/okio-jvm/3.9.1/79696e3f4ff05d41ba2b3dc68adb5808a2e5dc53/okio-jvm-3.9.1.jar because:
  Build cache is disabled
  Caching not enabled.
Caching disabled for AggregatedPackagesTransform: /home/jules/.gradle/caches/modules-2/files-2.1/com.squareup.okio/okio-jvm/3.9.1/79696e3f4ff05d41ba2b3dc68adb5808a2e5dc53/okio-jvm-3.9.1.jar because:
  Build cache is disabled
Caching disabled for CopyTransform: /home/jules/.gradle/caches/modules-2/files-2.1/org.jetbrains.kotlin/kotlin-stdlib-jdk7/1.8.21/7473b8cd3c0ef9932345baf569bc398e8a717046/kotlin-stdlib-jdk7-1.8.21.jar because:
  Build cache is disabled
  Caching not enabled.
Caching disabled for CopyTransform: /home/jules/.gradle/caches/modules-2/files-2.1/org.jetbrains.kotlin/kotlin-stdlib/2.1.0/85f8b81009cda5890e54ba67d64b5e599c645020/kotlin-stdlib-2.1.0.jar because:
  Build cache is disabled
  Caching not enabled.
Caching disabled for AggregatedPackagesTransform: /home/jules/.gradle/caches/modules-2/files-2.1/org.jetbrains.kotlin/kotlin-stdlib-jdk7/1.8.21/7473b8cd3c0ef9932345baf569bc398e8a717046/kotlin-stdlib-jdk7-1.8.21.jar because:
  Build cache is disabled
Caching disabled for AggregatedPackagesTransform: /home/jules/.gradle/caches/modules-2/files-2.1/org.jetbrains.kotlin/kotlin-stdlib/2.1.0/85f8b81009cda5890e54ba67d64b5e599c645020/kotlin-stdlib-2.1.0.jar because:
  Build cache is disabled
Caching disabled for CopyTransform: /home/jules/.gradle/caches/modules-2/files-2.1/org.jsoup/jsoup/1.17.2/1e75b08d7019546a954f1e359477f916f537a34d/jsoup-1.17.2.jar because:
  Build cache is disabled
  Caching not enabled.
Caching disabled for AggregatedPackagesTransform: /home/jules/.gradle/caches/modules-2/files-2.1/org.jsoup/jsoup/1.17.2/1e75b08d7019546a954f1e359477f916f537a34d/jsoup-1.17.2.jar because:
  Build cache is disabled
Caching disabled for CopyTransform: /home/jules/.gradle/caches/modules-2/files-2.1/org.jetbrains/annotations/23.0.0/8cc20c07506ec18e0834947b84a864bfc094484e/annotations-23.0.0.jar because:
  Build cache is disabled
  Caching not enabled.
Caching disabled for AggregatedPackagesTransform: /home/jules/.gradle/caches/modules-2/files-2.1/org.jetbrains/annotations/23.0.0/8cc20c07506ec18e0834947b84a864bfc094484e/annotations-23.0.0.jar because:
  Build cache is disabled
Caching disabled for CopyTransform: /home/jules/.gradle/caches/modules-2/files-2.1/com.google.dagger/hilt-core/2.54/ed8168b208842a41252d2daefa97a9706a64c89/hilt-core-2.54.jar because:
  Build cache is disabled
  Caching not enabled.
Caching disabled for AggregatedPackagesTransform: /home/jules/.gradle/caches/modules-2/files-2.1/com.google.dagger/hilt-core/2.54/ed8168b208842a41252d2daefa97a9706a64c89/hilt-core-2.54.jar because:
  Build cache is disabled
Caching disabled for CopyTransform: /home/jules/.gradle/caches/modules-2/files-2.1/com.google.dagger/dagger/2.54/9fe782cc9ef11a393cbf3e9399cf2b4b712fb716/dagger-2.54.jar because:
  Build cache is disabled
  Caching not enabled.
Caching disabled for AggregatedPackagesTransform: /home/jules/.gradle/caches/modules-2/files-2.1/com.google.dagger/dagger/2.54/9fe782cc9ef11a393cbf3e9399cf2b4b712fb716/dagger-2.54.jar because:
  Build cache is disabled
Caching disabled for AarToClassTransform: /home/jules/.gradle/caches/modules-2/files-2.1/com.google.dagger/dagger-lint-aar/2.54/10363e14563abe3717cf86ed677246af266d29bb/dagger-lint-aar-2.54.aar because:
  Build cache is disabled
  Caching not enabled.
Caching disabled for IdentityTransform: /home/jules/.gradle/caches/8.13/transforms/17b8c15bd893f1637b7d8a59c3f32f05/transformed/dagger-lint-aar-2.54-runtime.jar because:
  Build cache is disabled
  Caching not enabled.
Caching disabled for CopyTransform: /home/jules/.gradle/caches/8.13/transforms/17b8c15bd893f1637b7d8a59c3f32f05/transformed/dagger-lint-aar-2.54-runtime.jar because:
  Build cache is disabled
  Caching not enabled.
Caching disabled for AggregatedPackagesTransform: /home/jules/.gradle/caches/8.13/transforms/17b8c15bd893f1637b7d8a59c3f32f05/transformed/dagger-lint-aar-2.54-runtime.jar because:
  Build cache is disabled
Caching disabled for CopyTransform: /home/jules/.gradle/caches/modules-2/files-2.1/com.google.code.findbugs/jsr305/3.0.2/25ea2e8b0c338a877313bd4672d3fe056ea78f0d/jsr305-3.0.2.jar because:
  Build cache is disabled
  Caching not enabled.
Caching disabled for AggregatedPackagesTransform: /home/jules/.gradle/caches/modules-2/files-2.1/com.google.code.findbugs/jsr305/3.0.2/25ea2e8b0c338a877313bd4672d3fe056ea78f0d/jsr305-3.0.2.jar because:
  Build cache is disabled
Caching disabled for CopyTransform: /home/jules/.gradle/caches/modules-2/files-2.1/javax.inject/javax.inject/1/6975da39a7040257bd51d21a231b76c915872d38/javax.inject-1.jar because:
  Build cache is disabled
  Caching not enabled.
Caching disabled for AggregatedPackagesTransform: /home/jules/.gradle/caches/modules-2/files-2.1/javax.inject/javax.inject/1/6975da39a7040257bd51d21a231b76c915872d38/javax.inject-1.jar because:
  Build cache is disabled
Caching disabled for CopyTransform: /home/jules/.gradle/caches/modules-2/files-2.1/com.itextpdf/barcodes/7.2.5/a435d05dd6e4434c6691f6f1f7a00f4b9f8f2d6/barcodes-7.2.5.jar because:
  Build cache is disabled
  Caching not enabled.
Caching disabled for CopyTransform: /home/jules/.gradle/caches/modules-2/files-2.1/com.itextpdf/font-asian/7.2.5/b7c23164243acb23f57b0bca02118d3cb89d5083/font-asian-7.2.5.jar because:
  Build cache is disabled
  Caching not enabled.
Caching disabled for AggregatedPackagesTransform: /home/jules/.gradle/caches/modules-2/files-2.1/com.itextpdf/barcodes/7.2.5/a435d05dd6e4434c6691f6f1f7a00f4b9f8f2d6/barcodes-7.2.5.jar because:
  Build cache is disabled
Caching disabled for AggregatedPackagesTransform: /home/jules/.gradle/caches/modules-2/files-2.1/com.itextpdf/font-asian/7.2.5/b7c23164243acb23f57b0bca02118d3cb89d5083/font-asian-7.2.5.jar because:
  Build cache is disabled
Caching disabled for CopyTransform: /home/jules/.gradle/caches/modules-2/files-2.1/com.itextpdf/sign/7.2.5/f38a94fa63585ed2598ef59a8a2089f59a6b1515/sign-7.2.5.jar because:
  Build cache is disabled
  Caching not enabled.
Caching disabled for AggregatedPackagesTransform: /home/jules/.gradle/caches/modules-2/files-2.1/com.itextpdf/sign/7.2.5/f38a94fa63585ed2598ef59a8a2089f59a6b1515/sign-7.2.5.jar because:
  Build cache is disabled
Caching disabled for CopyTransform: /home/jules/.gradle/caches/modules-2/files-2.1/com.itextpdf/forms/7.2.5/9dbfe3e8201cbfb128a3abb2d68983541dae84a1/forms-7.2.5.jar because:
  Build cache is disabled
  Caching not enabled.
Caching disabled for AggregatedPackagesTransform: /home/jules/.gradle/caches/modules-2/files-2.1/com.itextpdf/forms/7.2.5/9dbfe3e8201cbfb128a3abb2d68983541dae84a1/forms-7.2.5.jar because:
  Build cache is disabled
Caching disabled for CopyTransform: /home/jules/.gradle/caches/modules-2/files-2.1/com.itextpdf/hyph/7.2.5/f4611e21e2cdb45df1190d3079aa82cd148eb35a/hyph-7.2.5.jar because:
  Build cache is disabled
  Caching not enabled.
Caching disabled for AggregatedPackagesTransform: /home/jules/.gradle/caches/modules-2/files-2.1/com.itextpdf/hyph/7.2.5/f4611e21e2cdb45df1190d3079aa82cd148eb35a/hyph-7.2.5.jar because:
  Build cache is disabled
Caching disabled for CopyTransform: /home/jules/.gradle/caches/modules-2/files-2.1/com.itextpdf/svg/7.2.5/9120eaa7190a5f13749cf2ed0af9df8711b76a5e/svg-7.2.5.jar because:
  Build cache is disabled
  Caching not enabled.
Caching disabled for AggregatedPackagesTransform: /home/jules/.gradle/caches/modules-2/files-2.1/com.itextpdf/svg/7.2.5/9120eaa7190a5f13749cf2ed0af9df8711b76a5e/svg-7.2.5.jar because:
  Build cache is disabled
Caching disabled for CopyTransform: /home/jules/.gradle/caches/modules-2/files-2.1/com.itextpdf/styled-xml-parser/7.2.5/5bced79decfd7e7c365c95b1d4c0702dc1556b6b/styled-xml-parser-7.2.5.jar because:
  Build cache is disabled
  Caching not enabled.
Caching disabled for AggregatedPackagesTransform: /home/jules/.gradle/caches/modules-2/files-2.1/com.itextpdf/styled-xml-parser/7.2.5/5bced79decfd7e7c365c95b1d4c0702dc1556b6b/styled-xml-parser-7.2.5.jar because:
  Build cache is disabled
Caching disabled for CopyTransform: /home/jules/.gradle/caches/modules-2/files-2.1/com.itextpdf/layout/7.2.5/fa86109028fdae497318b72aeaccba2c20142953/layout-7.2.5.jar because:
  Build cache is disabled
  Caching not enabled.
Caching disabled for AggregatedPackagesTransform: /home/jules/.gradle/caches/modules-2/files-2.1/com.itextpdf/layout/7.2.5/fa86109028fdae497318b72aeaccba2c20142953/layout-7.2.5.jar because:
  Build cache is disabled
Caching disabled for CopyTransform: /home/jules/.gradle/caches/modules-2/files-2.1/com.itextpdf/pdfa/7.2.5/998438c9c448a3679df2bbb0c011a46e20577a30/pdfa-7.2.5.jar because:
  Build cache is disabled
  Caching not enabled.
Caching disabled for AggregatedPackagesTransform: /home/jules/.gradle/caches/modules-2/files-2.1/com.itextpdf/pdfa/7.2.5/998438c9c448a3679df2bbb0c011a46e20577a30/pdfa-7.2.5.jar because:
  Build cache is disabled
Caching disabled for CopyTransform: /home/jules/.gradle/caches/modules-2/files-2.1/com.itextpdf/kernel/7.2.5/379e375318afd5c979f9636e37b0da4b0a5cabac/kernel-7.2.5.jar because:
  Build cache is disabled
  Caching not enabled.
Caching disabled for CopyTransform: /home/jules/.gradle/caches/modules-2/files-2.1/com.itextpdf/io/7.2.5/4ca96bf67a12117ebd4f50da935b56e21b07f49c/io-7.2.5.jar because:
  Build cache is disabled
  Caching not enabled.
Caching disabled for AggregatedPackagesTransform: /home/jules/.gradle/caches/modules-2/files-2.1/com.itextpdf/kernel/7.2.5/379e375318afd5c979f9636e37b0da4b0a5cabac/kernel-7.2.5.jar because:
  Build cache is disabled
Caching disabled for AggregatedPackagesTransform: /home/jules/.gradle/caches/modules-2/files-2.1/com.itextpdf/io/7.2.5/4ca96bf67a12117ebd4f50da935b56e21b07f49c/io-7.2.5.jar because:
  Build cache is disabled
Caching disabled for CopyTransform: /home/jules/.gradle/caches/modules-2/files-2.1/com.google.guava/listenablefuture/1.0/c949a840a6acbc5268d088e47b04177bf90b3cad/listenablefuture-1.0.jar because:
  Build cache is disabled
  Caching not enabled.
Caching disabled for AggregatedPackagesTransform: /home/jules/.gradle/caches/modules-2/files-2.1/com.google.guava/listenablefuture/1.0/c949a840a6acbc5268d088e47b04177bf90b3cad/listenablefuture-1.0.jar because:
  Build cache is disabled
Caching disabled for CopyTransform: /home/jules/.gradle/caches/modules-2/files-2.1/org.jspecify/jspecify/1.0.0/7425a601c1c7ec76645a78d22b8c6a627edee507/jspecify-1.0.0.jar because:
  Build cache is disabled
  Caching not enabled.
Caching disabled for AggregatedPackagesTransform: /home/jules/.gradle/caches/modules-2/files-2.1/org.jspecify/jspecify/1.0.0/7425a601c1c7ec76645a78d22b8c6a627edee507/jspecify-1.0.0.jar because:
  Build cache is disabled
Caching disabled for CopyTransform: /home/jules/.gradle/caches/modules-2/files-2.1/jakarta.inject/jakarta.inject-api/2.0.1/4c28afe1991a941d7702fe1362c365f0a8641d1e/jakarta.inject-api-2.0.1.jar because:
  Build cache is disabled
  Caching not enabled.
Caching disabled for CopyTransform: /home/jules/.gradle/caches/modules-2/files-2.1/com.itextpdf/commons/7.2.5/75724b294d5d4ace2e9ade91e1afb2a026a74b5/commons-7.2.5.jar because:
  Build cache is disabled
  Caching not enabled.
Caching disabled for AggregatedPackagesTransform: /home/jules/.gradle/caches/modules-2/files-2.1/jakarta.inject/jakarta.inject-api/2.0.1/4c28afe1991a941d7702fe1362c365f0a8641d1e/jakarta.inject-api-2.0.1.jar because:
  Build cache is disabled
Caching disabled for AggregatedPackagesTransform: /home/jules/.gradle/caches/modules-2/files-2.1/com.itextpdf/commons/7.2.5/75724b294d5d4ace2e9ade91e1afb2a026a74b5/commons-7.2.5.jar because:
  Build cache is disabled
Caching disabled for CopyTransform: /home/jules/.gradle/caches/modules-2/files-2.1/org.slf4j/slf4j-api/1.7.36/6c62681a2f655b49963a5983b8b0950a6120ae14/slf4j-api-1.7.36.jar because:
  Build cache is disabled
  Caching not enabled.
Caching disabled for AggregatedPackagesTransform: /home/jules/.gradle/caches/modules-2/files-2.1/org.slf4j/slf4j-api/1.7.36/6c62681a2f655b49963a5983b8b0950a6120ae14/slf4j-api-1.7.36.jar because:
  Build cache is disabled
Caching disabled for CopyTransform: /home/jules/.gradle/caches/modules-2/files-2.1/org.bouncycastle/bcpkix-jdk15on/1.70/f81e5af49571a9d5a109a88f239a73ce87055417/bcpkix-jdk15on-1.70.jar because:
  Build cache is disabled
  Caching not enabled.
Caching disabled for AggregatedPackagesTransform: /home/jules/.gradle/caches/modules-2/files-2.1/org.bouncycastle/bcpkix-jdk15on/1.70/f81e5af49571a9d5a109a88f239a73ce87055417/bcpkix-jdk15on-1.70.jar because:
  Build cache is disabled
Caching disabled for CopyTransform: /home/jules/.gradle/caches/modules-2/files-2.1/org.bouncycastle/bcutil-jdk15on/1.70/54280e7195a7430d7911ded93fc01e07300b9526/bcutil-jdk15on-1.70.jar because:
  Build cache is disabled
  Caching not enabled.
Caching disabled for AggregatedPackagesTransform: /home/jules/.gradle/caches/modules-2/files-2.1/org.bouncycastle/bcutil-jdk15on/1.70/54280e7195a7430d7911ded93fc01e07300b9526/bcutil-jdk15on-1.70.jar because:
  Build cache is disabled
Caching disabled for CopyTransform: /home/jules/.gradle/caches/modules-2/files-2.1/org.bouncycastle/bcprov-jdk15on/1.70/4636a0d01f74acaf28082fb62b317f1080118371/bcprov-jdk15on-1.70.jar because:
  Build cache is disabled
  Caching not enabled.
Caching disabled for AggregatedPackagesTransform: /home/jules/.gradle/caches/modules-2/files-2.1/org.bouncycastle/bcprov-jdk15on/1.70/4636a0d01f74acaf28082fb62b317f1080118371/bcprov-jdk15on-1.70.jar because:
  Build cache is disabled
Downloading https://repo.maven.apache.org/maven2/org/jetbrains/kotlinx/atomicfu-jvm/0.17.0/atomicfu-jvm-0.17.0.jar to /home/jules/.gradle/.tmp/gradle_download7438255404659172516bin
Downloading https://repo.maven.apache.org/maven2/org/jetbrains/kotlinx/kotlinx-coroutines-slf4j/1.9.0/kotlinx-coroutines-slf4j-1.9.0.jar to /home/jules/.gradle/.tmp/gradle_download6096474917114464379bin
Caching disabled for IdentityTransform: /home/jules/.gradle/caches/modules-2/files-2.1/org.jetbrains.kotlinx/kotlinx-coroutines-slf4j/1.9.0/17b86b2f6eb84441a53621ca7c593161e1696c4e/kotlinx-coroutines-slf4j-1.9.0.jar because:
  Build cache is disabled
  Caching not enabled.
Caching disabled for CopyTransform: /home/jules/.gradle/caches/modules-2/files-2.1/org.jetbrains.kotlinx/kotlinx-coroutines-slf4j/1.9.0/17b86b2f6eb84441a53621ca7c593161e1696c4e/kotlinx-coroutines-slf4j-1.9.0.jar because:
  Build cache is disabled
  Caching not enabled.
Caching disabled for AggregatedPackagesTransform: /home/jules/.gradle/caches/modules-2/files-2.1/org.jetbrains.kotlinx/kotlinx-coroutines-slf4j/1.9.0/17b86b2f6eb84441a53621ca7c593161e1696c4e/kotlinx-coroutines-slf4j-1.9.0.jar because:
  Build cache is disabled
Caching disabled for IdentityTransform: /home/jules/.gradle/caches/modules-2/files-2.1/org.jetbrains.kotlinx/atomicfu-jvm/0.17.0/d3d2e380b6ee28231118101d09ae6dd06a1db1cb/atomicfu-jvm-0.17.0.jar because:
  Build cache is disabled
  Caching not enabled.
Caching disabled for CopyTransform: /home/jules/.gradle/caches/modules-2/files-2.1/org.jetbrains.kotlinx/atomicfu-jvm/0.17.0/d3d2e380b6ee28231118101d09ae6dd06a1db1cb/atomicfu-jvm-0.17.0.jar because:
  Build cache is disabled
  Caching not enabled.
Caching disabled for AggregatedPackagesTransform: /home/jules/.gradle/caches/modules-2/files-2.1/org.jetbrains.kotlinx/atomicfu-jvm/0.17.0/d3d2e380b6ee28231118101d09ae6dd06a1db1cb/atomicfu-jvm-0.17.0.jar because:
  Build cache is disabled
file or directory '/app/app/build/generated/ksp/debug/classes', not found
Caching disabled for IdentityTransform: /opt/android-sdk/platforms/android-36/android.jar because:
  Build cache is disabled
  Caching not enabled.
Caching disabled for IdentityTransform: /opt/android-sdk/build-tools/35.0.0/core-lambda-stubs.jar because:
  Build cache is disabled
  Caching not enabled.
Caching disabled for IdentityTransform: /app/app/build/intermediates/compile_and_runtime_not_namespaced_r_class_jar/debug/processDebugResources/R.jar because:
  Build cache is disabled
  Caching not enabled.
Caching disabled for CopyTransform: /opt/android-sdk/platforms/android-36/android.jar because:
  Build cache is disabled
  Caching not enabled.
Caching disabled for CopyTransform: /app/app/build/intermediates/compile_and_runtime_not_namespaced_r_class_jar/debug/processDebugResources/R.jar because:
  Build cache is disabled
  Caching not enabled.
Caching disabled for CopyTransform: /opt/android-sdk/build-tools/35.0.0/core-lambda-stubs.jar because:
  Build cache is disabled
  Caching not enabled.
Caching disabled for IdentityTransform: /home/jules/.gradle/caches/8.13/transforms/05b06311f3a30a1ac80af19bd0e5fcb1/transformed/llmedge-release-api.jar because:
  Build cache is disabled
  Caching not enabled.
Caching disabled for AggregatedPackagesTransform: /app/app/build/intermediates/compile_and_runtime_not_namespaced_r_class_jar/debug/processDebugResources/R.jar because:
  Build cache is disabled
Caching disabled for AggregatedPackagesTransform: /opt/android-sdk/platforms/android-36/android.jar because:
  Build cache is disabled
Caching disabled for CopyTransform: /home/jules/.gradle/caches/8.13/transforms/05b06311f3a30a1ac80af19bd0e5fcb1/transformed/llmedge-release-api.jar because:
  Build cache is disabled
  Caching not enabled.
Caching disabled for AggregatedPackagesTransform: /opt/android-sdk/build-tools/35.0.0/core-lambda-stubs.jar because:
  Build cache is disabled
Caching disabled for IdentityTransform: /home/jules/.gradle/caches/8.13/transforms/d7861687db4ffa9de4df064e77379208/transformed/hilt-navigation-compose-1.2.0-api.jar because:
  Build cache is disabled
  Caching not enabled.
Caching disabled for IdentityTransform: /home/jules/.gradle/caches/8.13/transforms/e52773ce0ce77ab40bccd77e8e1b6e3e/transformed/hilt-navigation-1.2.0-api.jar because:
  Build cache is disabled
  Caching not enabled.
Caching disabled for AggregatedPackagesTransform: /home/jules/.gradle/caches/8.13/transforms/05b06311f3a30a1ac80af19bd0e5fcb1/transformed/llmedge-release-api.jar because:
  Build cache is disabled
Caching disabled for CopyTransform: /home/jules/.gradle/caches/8.13/transforms/d7861687db4ffa9de4df064e77379208/transformed/hilt-navigation-compose-1.2.0-api.jar because:
  Build cache is disabled
  Caching not enabled.
Caching disabled for AggregatedPackagesTransform: /home/jules/.gradle/caches/8.13/transforms/d7861687db4ffa9de4df064e77379208/transformed/hilt-navigation-compose-1.2.0-api.jar because:
  Build cache is disabled
Caching disabled for CopyTransform: /home/jules/.gradle/caches/8.13/transforms/e52773ce0ce77ab40bccd77e8e1b6e3e/transformed/hilt-navigation-1.2.0-api.jar because:
  Build cache is disabled
  Caching not enabled.
Caching disabled for IdentityTransform: /home/jules/.gradle/caches/8.13/transforms/1f39ce030d1875d9ac0fd621b5632814/transformed/navigation-common-2.8.5-api.jar because:
  Build cache is disabled
  Caching not enabled.
Caching disabled for IdentityTransform: /home/jules/.gradle/caches/8.13/transforms/8b0ab9b9e0df13ee5d1168b5df38a58b/transformed/navigation-common-ktx-2.8.5-api.jar because:
  Build cache is disabled
  Caching not enabled.
Caching disabled for AggregatedPackagesTransform: /home/jules/.gradle/caches/8.13/transforms/e52773ce0ce77ab40bccd77e8e1b6e3e/transformed/hilt-navigation-1.2.0-api.jar because:
  Build cache is disabled
Caching disabled for IdentityTransform: /home/jules/.gradle/caches/8.13/transforms/77ec70632024a0da58cde3ffaa5a76aa/transformed/navigation-runtime-2.8.5-api.jar because:
  Build cache is disabled
  Caching not enabled.
Caching disabled for CopyTransform: /home/jules/.gradle/caches/8.13/transforms/8b0ab9b9e0df13ee5d1168b5df38a58b/transformed/navigation-common-ktx-2.8.5-api.jar because:
  Build cache is disabled
  Caching not enabled.
Caching disabled for CopyTransform: /home/jules/.gradle/caches/8.13/transforms/1f39ce030d1875d9ac0fd621b5632814/transformed/navigation-common-2.8.5-api.jar because:
  Build cache is disabled
  Caching not enabled.
Caching disabled for AggregatedPackagesTransform: /home/jules/.gradle/caches/8.13/transforms/8b0ab9b9e0df13ee5d1168b5df38a58b/transformed/navigation-common-ktx-2.8.5-api.jar because:
  Build cache is disabled
Caching disabled for AggregatedPackagesTransform: /home/jules/.gradle/caches/8.13/transforms/1f39ce030d1875d9ac0fd621b5632814/transformed/navigation-common-2.8.5-api.jar because:
  Build cache is disabled
Caching disabled for IdentityTransform: /home/jules/.gradle/caches/8.13/transforms/8956c00f0c25ba145e5c89b88c13c1bd/transformed/navigation-runtime-ktx-2.8.5-api.jar because:
  Build cache is disabled
  Caching not enabled.
Caching disabled for CopyTransform: /home/jules/.gradle/caches/8.13/transforms/77ec70632024a0da58cde3ffaa5a76aa/transformed/navigation-runtime-2.8.5-api.jar because:
  Build cache is disabled
  Caching not enabled.
Caching disabled for AggregatedPackagesTransform: /home/jules/.gradle/caches/8.13/transforms/77ec70632024a0da58cde3ffaa5a76aa/transformed/navigation-runtime-2.8.5-api.jar because:
  Build cache is disabled
Caching disabled for CopyTransform: /home/jules/.gradle/caches/8.13/transforms/8956c00f0c25ba145e5c89b88c13c1bd/transformed/navigation-runtime-ktx-2.8.5-api.jar because:
  Build cache is disabled
  Caching not enabled.
Caching disabled for IdentityTransform: /home/jules/.gradle/caches/8.13/transforms/ceb5d0d23460327b4b3a39690ba9e878/transformed/navigation-compose-2.8.5-api.jar because:
  Build cache is disabled
  Caching not enabled.
Caching disabled for AggregatedPackagesTransform: /home/jules/.gradle/caches/8.13/transforms/8956c00f0c25ba145e5c89b88c13c1bd/transformed/navigation-runtime-ktx-2.8.5-api.jar because:
  Build cache is disabled
Caching disabled for IdentityTransform: /home/jules/.gradle/caches/8.13/transforms/f053c059f1ee4eb0fff4856574115815/transformed/material3-release-api.jar because:
  Build cache is disabled
  Caching not enabled.
Caching disabled for CopyTransform: /home/jules/.gradle/caches/8.13/transforms/ceb5d0d23460327b4b3a39690ba9e878/transformed/navigation-compose-2.8.5-api.jar because:
  Build cache is disabled
  Caching not enabled.
Caching disabled for IdentityTransform: /home/jules/.gradle/caches/8.13/transforms/aa70afadf868766fafde478e8b639b21/transformed/foundation-layout-api.jar because:
  Build cache is disabled
  Caching not enabled.
Caching disabled for CopyTransform: /home/jules/.gradle/caches/8.13/transforms/f053c059f1ee4eb0fff4856574115815/transformed/material3-release-api.jar because:
  Build cache is disabled
  Caching not enabled.
Caching disabled for AggregatedPackagesTransform: /home/jules/.gradle/caches/8.13/transforms/ceb5d0d23460327b4b3a39690ba9e878/transformed/navigation-compose-2.8.5-api.jar because:
  Build cache is disabled
Caching disabled for CopyTransform: /home/jules/.gradle/caches/8.13/transforms/aa70afadf868766fafde478e8b639b21/transformed/foundation-layout-api.jar because:
  Build cache is disabled
  Caching not enabled.
Caching disabled for AggregatedPackagesTransform: /home/jules/.gradle/caches/8.13/transforms/aa70afadf868766fafde478e8b639b21/transformed/foundation-layout-api.jar because:
  Build cache is disabled
Caching disabled for IdentityTransform: /home/jules/.gradle/caches/8.13/transforms/cc8bec731a8fd82e72f42afb44329a67/transformed/material-ripple-release-api.jar because:
  Build cache is disabled
  Caching not enabled.
Caching disabled for AggregatedPackagesTransform: /home/jules/.gradle/caches/8.13/transforms/f053c059f1ee4eb0fff4856574115815/transformed/material3-release-api.jar because:
  Build cache is disabled
Caching disabled for CopyTransform: /home/jules/.gradle/caches/8.13/transforms/cc8bec731a8fd82e72f42afb44329a67/transformed/material-ripple-release-api.jar because:
  Build cache is disabled
  Caching not enabled.
Caching disabled for IdentityTransform: /home/jules/.gradle/caches/8.13/transforms/586c2e9664680d48036b4afd2322adc1/transformed/coil-compose-release-api.jar because:
  Build cache is disabled
  Caching not enabled.
Caching disabled for AggregatedPackagesTransform: /home/jules/.gradle/caches/8.13/transforms/cc8bec731a8fd82e72f42afb44329a67/transformed/material-ripple-release-api.jar because:
  Build cache is disabled
Caching disabled for CopyTransform: /home/jules/.gradle/caches/8.13/transforms/586c2e9664680d48036b4afd2322adc1/transformed/coil-compose-release-api.jar because:
  Build cache is disabled
  Caching not enabled.
Caching disabled for IdentityTransform: /home/jules/.gradle/caches/8.13/transforms/41ef80bef55f1c6d6d68c0c42056541f/transformed/coil-compose-core-release-api.jar because:
  Build cache is disabled
  Caching not enabled.
Caching disabled for AggregatedPackagesTransform: /home/jules/.gradle/caches/8.13/transforms/586c2e9664680d48036b4afd2322adc1/transformed/coil-compose-release-api.jar because:
  Build cache is disabled
Caching disabled for CopyTransform: /home/jules/.gradle/caches/8.13/transforms/41ef80bef55f1c6d6d68c0c42056541f/transformed/coil-compose-core-release-api.jar because:
  Build cache is disabled
  Caching not enabled.
Caching disabled for IdentityTransform: /home/jules/.gradle/caches/8.13/transforms/77f11f794bb06c56d5aee38ed5f40803/transformed/foundation-release-api.jar because:
  Build cache is disabled
  Caching not enabled.
Caching disabled for AggregatedPackagesTransform: /home/jules/.gradle/caches/8.13/transforms/41ef80bef55f1c6d6d68c0c42056541f/transformed/coil-compose-core-release-api.jar because:
  Build cache is disabled
Caching disabled for CopyTransform: /home/jules/.gradle/caches/8.13/transforms/77f11f794bb06c56d5aee38ed5f40803/transformed/foundation-release-api.jar because:
  Build cache is disabled
  Caching not enabled.
Caching disabled for IdentityTransform: /home/jules/.gradle/caches/8.13/transforms/2f3bb48b9f8aa655cb8fcfa4502ba1df/transformed/animation-core-api.jar because:
  Build cache is disabled
  Caching not enabled.
Caching disabled for AggregatedPackagesTransform: /home/jules/.gradle/caches/8.13/transforms/77f11f794bb06c56d5aee38ed5f40803/transformed/foundation-release-api.jar because:
  Build cache is disabled
Caching disabled for CopyTransform: /home/jules/.gradle/caches/8.13/transforms/2f3bb48b9f8aa655cb8fcfa4502ba1df/transformed/animation-core-api.jar because:
  Build cache is disabled
  Caching not enabled.
Caching disabled for AggregatedPackagesTransform: /home/jules/.gradle/caches/8.13/transforms/2f3bb48b9f8aa655cb8fcfa4502ba1df/transformed/animation-core-api.jar because:
  Build cache is disabled
Caching disabled for IdentityTransform: /home/jules/.gradle/caches/8.13/transforms/3d84dafc4efdcdbdde70ccd3fc92a49a/transformed/animation-api.jar because:
  Build cache is disabled
  Caching not enabled.
Caching disabled for CopyTransform: /home/jules/.gradle/caches/8.13/transforms/3d84dafc4efdcdbdde70ccd3fc92a49a/transformed/animation-api.jar because:
  Build cache is disabled
  Caching not enabled.
Caching disabled for AggregatedPackagesTransform: /home/jules/.gradle/caches/8.13/transforms/3d84dafc4efdcdbdde70ccd3fc92a49a/transformed/animation-api.jar because:
  Build cache is disabled
Caching disabled for IdentityTransform: /home/jules/.gradle/caches/8.13/transforms/14dc4e21df90f74f4f6ca8cdb4b9dd6c/transformed/ui-util-api.jar because:
  Build cache is disabled
  Caching not enabled.
Caching disabled for CopyTransform: /home/jules/.gradle/caches/8.13/transforms/14dc4e21df90f74f4f6ca8cdb4b9dd6c/transformed/ui-util-api.jar because:
  Build cache is disabled
  Caching not enabled.
Caching disabled for AggregatedPackagesTransform: /home/jules/.gradle/caches/8.13/transforms/14dc4e21df90f74f4f6ca8cdb4b9dd6c/transformed/ui-util-api.jar because:
  Build cache is disabled
Caching disabled for IdentityTransform: /home/jules/.gradle/caches/8.13/transforms/8fcd5b90f56a298911bb5d48a820da2c/transformed/ui-unit-api.jar because:
  Build cache is disabled
  Caching not enabled.
Caching disabled for IdentityTransform: /home/jules/.gradle/caches/8.13/transforms/368c475d1394594ed8237f82e915b4ec/transformed/ui-text-api.jar because:
  Build cache is disabled
  Caching not enabled.
Caching disabled for CopyTransform: /home/jules/.gradle/caches/8.13/transforms/8fcd5b90f56a298911bb5d48a820da2c/transformed/ui-unit-api.jar because:
  Build cache is disabled
  Caching not enabled.
Caching disabled for CopyTransform: /home/jules/.gradle/caches/8.13/transforms/368c475d1394594ed8237f82e915b4ec/transformed/ui-text-api.jar because:
  Build cache is disabled
  Caching not enabled.
Caching disabled for AggregatedPackagesTransform: /home/jules/.gradle/caches/8.13/transforms/8fcd5b90f56a298911bb5d48a820da2c/transformed/ui-unit-api.jar because:
  Build cache is disabled
Caching disabled for AggregatedPackagesTransform: /home/jules/.gradle/caches/8.13/transforms/368c475d1394594ed8237f82e915b4ec/transformed/ui-text-api.jar because:
  Build cache is disabled
Caching disabled for IdentityTransform: /home/jules/.gradle/caches/8.13/transforms/9464cddf1193d5ee346480bdcd83f518/transformed/ui-geometry-api.jar because:
  Build cache is disabled
  Caching not enabled.
Caching disabled for CopyTransform: /home/jules/.gradle/caches/8.13/transforms/9464cddf1193d5ee346480bdcd83f518/transformed/ui-geometry-api.jar because:
  Build cache is disabled
  Caching not enabled.
Caching disabled for AggregatedPackagesTransform: /home/jules/.gradle/caches/8.13/transforms/9464cddf1193d5ee346480bdcd83f518/transformed/ui-geometry-api.jar because:
  Build cache is disabled
Caching disabled for IdentityTransform: /home/jules/.gradle/caches/8.13/transforms/4c3c4e9e38cc371937ec79b0e206d91a/transformed/ui-tooling-preview-api.jar because:
  Build cache is disabled
  Caching not enabled.
Caching disabled for IdentityTransform: /home/jules/.gradle/caches/8.13/transforms/48134b7266d361f221635639c4dd5a0f/transformed/ui-tooling-data-api.jar because:
  Build cache is disabled
  Caching not enabled.
Caching disabled for CopyTransform: /home/jules/.gradle/caches/8.13/transforms/48134b7266d361f221635639c4dd5a0f/transformed/ui-tooling-data-api.jar because:
  Build cache is disabled
  Caching not enabled.
Caching disabled for CopyTransform: /home/jules/.gradle/caches/8.13/transforms/4c3c4e9e38cc371937ec79b0e206d91a/transformed/ui-tooling-preview-api.jar because:
  Build cache is disabled
  Caching not enabled.
Caching disabled for IdentityTransform: /home/jules/.gradle/caches/8.13/transforms/09acc037d8ec409900f61d359121d258/transformed/ui-graphics-release-api.jar because:
  Build cache is disabled
  Caching not enabled.
Caching disabled for AggregatedPackagesTransform: /home/jules/.gradle/caches/8.13/transforms/48134b7266d361f221635639c4dd5a0f/transformed/ui-tooling-data-api.jar because:
  Build cache is disabled
Caching disabled for AggregatedPackagesTransform: /home/jules/.gradle/caches/8.13/transforms/4c3c4e9e38cc371937ec79b0e206d91a/transformed/ui-tooling-preview-api.jar because:
  Build cache is disabled
Caching disabled for IdentityTransform: /home/jules/.gradle/caches/8.13/transforms/c6c52c77bc331e040277a2b12e273ac4/transformed/hilt-android-2.54-api.jar because:
  Build cache is disabled
  Caching not enabled.
Caching disabled for IdentityTransform: /home/jules/.gradle/caches/8.13/transforms/0830d319c957126d9298972c1d4d243f/transformed/fragment-1.5.1-api.jar because:
  Build cache is disabled
  Caching not enabled.
Caching disabled for CopyTransform: /home/jules/.gradle/caches/8.13/transforms/09acc037d8ec409900f61d359121d258/transformed/ui-graphics-release-api.jar because:
  Build cache is disabled
  Caching not enabled.
Caching disabled for CopyTransform: /home/jules/.gradle/caches/8.13/transforms/c6c52c77bc331e040277a2b12e273ac4/transformed/hilt-android-2.54-api.jar because:
  Build cache is disabled
  Caching not enabled.
Caching disabled for CopyTransform: /home/jules/.gradle/caches/8.13/transforms/0830d319c957126d9298972c1d4d243f/transformed/fragment-1.5.1-api.jar because:
  Build cache is disabled
  Caching not enabled.
Caching disabled for AggregatedPackagesTransform: /home/jules/.gradle/caches/8.13/transforms/09acc037d8ec409900f61d359121d258/transformed/ui-graphics-release-api.jar because:
  Build cache is disabled
Caching disabled for AggregatedPackagesTransform: /home/jules/.gradle/caches/8.13/transforms/c6c52c77bc331e040277a2b12e273ac4/transformed/hilt-android-2.54-api.jar because:
  Build cache is disabled
Caching disabled for AggregatedPackagesTransform: /home/jules/.gradle/caches/8.13/transforms/0830d319c957126d9298972c1d4d243f/transformed/fragment-1.5.1-api.jar because:
  Build cache is disabled
Caching disabled for IdentityTransform: /home/jules/.gradle/caches/8.13/transforms/0ed6d1d2dbae498c5ee7e03125ee10a0/transformed/loader-1.0.0-api.jar because:
  Build cache is disabled
  Caching not enabled.
Caching disabled for IdentityTransform: /home/jules/.gradle/caches/8.13/transforms/e522c3c8c92db5d268972aa0feb5b499/transformed/viewpager-1.0.0-api.jar because:
  Build cache is disabled
  Caching not enabled.
Caching disabled for IdentityTransform: /home/jules/.gradle/caches/8.13/transforms/437a49040096353d8f4bb5eeabe589a5/transformed/customview-1.0.0-api.jar because:
  Build cache is disabled
  Caching not enabled.
Caching disabled for CopyTransform: /home/jules/.gradle/caches/8.13/transforms/e522c3c8c92db5d268972aa0feb5b499/transformed/viewpager-1.0.0-api.jar because:
  Build cache is disabled
  Caching not enabled.
Caching disabled for CopyTransform: /home/jules/.gradle/caches/8.13/transforms/0ed6d1d2dbae498c5ee7e03125ee10a0/transformed/loader-1.0.0-api.jar because:
  Build cache is disabled
  Caching not enabled.
Caching disabled for AggregatedPackagesTransform: /home/jules/.gradle/caches/8.13/transforms/e522c3c8c92db5d268972aa0feb5b499/transformed/viewpager-1.0.0-api.jar because:
  Build cache is disabled
Caching disabled for CopyTransform: /home/jules/.gradle/caches/8.13/transforms/437a49040096353d8f4bb5eeabe589a5/transformed/customview-1.0.0-api.jar because:
  Build cache is disabled
  Caching not enabled.
Caching disabled for AggregatedPackagesTransform: /home/jules/.gradle/caches/8.13/transforms/0ed6d1d2dbae498c5ee7e03125ee10a0/transformed/loader-1.0.0-api.jar because:
  Build cache is disabled
Caching disabled for IdentityTransform: /home/jules/.gradle/caches/8.13/transforms/014c4b91444d68ca4f55cdd3644eed83/transformed/core-1.17.0-api.jar because:
  Build cache is disabled
  Caching not enabled.
Caching disabled for AggregatedPackagesTransform: /home/jules/.gradle/caches/8.13/transforms/437a49040096353d8f4bb5eeabe589a5/transformed/customview-1.0.0-api.jar because:
  Build cache is disabled
Caching disabled for CopyTransform: /home/jules/.gradle/caches/8.13/transforms/014c4b91444d68ca4f55cdd3644eed83/transformed/core-1.17.0-api.jar because:
  Build cache is disabled
  Caching not enabled.
Caching disabled for IdentityTransform: /home/jules/.gradle/caches/8.13/transforms/78f6ae08c7fddbf1b822849f1093789c/transformed/activity-ktx-1.11.0-api.jar because:
  Build cache is disabled
  Caching not enabled.
Caching disabled for AggregatedPackagesTransform: /home/jules/.gradle/caches/8.13/transforms/014c4b91444d68ca4f55cdd3644eed83/transformed/core-1.17.0-api.jar because:
  Build cache is disabled
Caching disabled for CopyTransform: /home/jules/.gradle/caches/8.13/transforms/78f6ae08c7fddbf1b822849f1093789c/transformed/activity-ktx-1.11.0-api.jar because:
  Build cache is disabled
  Caching not enabled.
Caching disabled for IdentityTransform: /home/jules/.gradle/caches/8.13/transforms/ae9ea099f964f1405b9ace7fafd8aaa6/transformed/lifecycle-livedata-core-ktx-2.9.4-api.jar because:
  Build cache is disabled
  Caching not enabled.
Caching disabled for AggregatedPackagesTransform: /home/jules/.gradle/caches/8.13/transforms/78f6ae08c7fddbf1b822849f1093789c/transformed/activity-ktx-1.11.0-api.jar because:
  Build cache is disabled
Caching disabled for IdentityTransform: /home/jules/.gradle/caches/8.13/transforms/787762545421e31f54a62abcf894aea4/transformed/lifecycle-viewmodel-ktx-2.9.4-api.jar because:
  Build cache is disabled
  Caching not enabled.
Caching disabled for CopyTransform: /home/jules/.gradle/caches/8.13/transforms/ae9ea099f964f1405b9ace7fafd8aaa6/transformed/lifecycle-livedata-core-ktx-2.9.4-api.jar because:
  Build cache is disabled
  Caching not enabled.
Caching disabled for CopyTransform: /home/jules/.gradle/caches/8.13/transforms/787762545421e31f54a62abcf894aea4/transformed/lifecycle-viewmodel-ktx-2.9.4-api.jar because:
  Build cache is disabled
  Caching not enabled.
Caching disabled for AggregatedPackagesTransform: /home/jules/.gradle/caches/8.13/transforms/ae9ea099f964f1405b9ace7fafd8aaa6/transformed/lifecycle-livedata-core-ktx-2.9.4-api.jar because:
  Build cache is disabled
Caching disabled for AggregatedPackagesTransform: /home/jules/.gradle/caches/8.13/transforms/787762545421e31f54a62abcf894aea4/transformed/lifecycle-viewmodel-ktx-2.9.4-api.jar because:
  Build cache is disabled
Caching disabled for IdentityTransform: /home/jules/.gradle/caches/8.13/transforms/399b14c1f38a71b95a0bc45279c0536d/transformed/lifecycle-livedata-2.9.4-api.jar because:
  Build cache is disabled
  Caching not enabled.
Caching disabled for IdentityTransform: /home/jules/.gradle/caches/8.13/transforms/796d6571978d8c04394c62d42b2824e0/transformed/lifecycle-runtime-compose-release-api.jar because:
  Build cache is disabled
  Caching not enabled.
Caching disabled for IdentityTransform: /home/jules/.gradle/caches/8.13/transforms/398232e5ec049b90ebb175777a2a239e/transformed/coil-release-api.jar because:
  Build cache is disabled
  Caching not enabled.
Caching disabled for CopyTransform: /home/jules/.gradle/caches/8.13/transforms/399b14c1f38a71b95a0bc45279c0536d/transformed/lifecycle-livedata-2.9.4-api.jar because:
  Build cache is disabled
  Caching not enabled.
Caching disabled for AggregatedPackagesTransform: /home/jules/.gradle/caches/8.13/transforms/399b14c1f38a71b95a0bc45279c0536d/transformed/lifecycle-livedata-2.9.4-api.jar because:
  Build cache is disabled
Caching disabled for CopyTransform: /home/jules/.gradle/caches/8.13/transforms/398232e5ec049b90ebb175777a2a239e/transformed/coil-release-api.jar because:
  Build cache is disabled
  Caching not enabled.
Caching disabled for CopyTransform: /home/jules/.gradle/caches/8.13/transforms/796d6571978d8c04394c62d42b2824e0/transformed/lifecycle-runtime-compose-release-api.jar because:
  Build cache is disabled
  Caching not enabled.
Caching disabled for AggregatedPackagesTransform: /home/jules/.gradle/caches/8.13/transforms/398232e5ec049b90ebb175777a2a239e/transformed/coil-release-api.jar because:
  Build cache is disabled
Caching disabled for AggregatedPackagesTransform: /home/jules/.gradle/caches/8.13/transforms/796d6571978d8c04394c62d42b2824e0/transformed/lifecycle-runtime-compose-release-api.jar because:
  Build cache is disabled
Caching disabled for IdentityTransform: /home/jules/.gradle/caches/8.13/transforms/484ebcb5a3d168f75bb37ca78bbf140e/transformed/coil-core-release-api.jar because:
  Build cache is disabled
  Caching not enabled.
Caching disabled for IdentityTransform: /home/jules/.gradle/caches/8.13/transforms/28e10d704696cf50e413239c61a7eece/transformed/coil-network-core-release-api.jar because:
  Build cache is disabled
  Caching not enabled.
Caching disabled for IdentityTransform: /home/jules/.gradle/caches/8.13/transforms/f9a19f1bde6cc7490ab7701984e32784/transformed/lifecycle-runtime-release-api.jar because:
  Build cache is disabled
  Caching not enabled.
Caching disabled for CopyTransform: /home/jules/.gradle/caches/8.13/transforms/28e10d704696cf50e413239c61a7eece/transformed/coil-network-core-release-api.jar because:
  Build cache is disabled
  Caching not enabled.
Caching disabled for CopyTransform: /home/jules/.gradle/caches/8.13/transforms/484ebcb5a3d168f75bb37ca78bbf140e/transformed/coil-core-release-api.jar because:
  Build cache is disabled
  Caching not enabled.
Caching disabled for CopyTransform: /home/jules/.gradle/caches/8.13/transforms/f9a19f1bde6cc7490ab7701984e32784/transformed/lifecycle-runtime-release-api.jar because:
  Build cache is disabled
  Caching not enabled.
Caching disabled for AggregatedPackagesTransform: /home/jules/.gradle/caches/8.13/transforms/28e10d704696cf50e413239c61a7eece/transformed/coil-network-core-release-api.jar because:
  Build cache is disabled
Caching disabled for AggregatedPackagesTransform: /home/jules/.gradle/caches/8.13/transforms/484ebcb5a3d168f75bb37ca78bbf140e/transformed/coil-core-release-api.jar because:
  Build cache is disabled
Caching disabled for AggregatedPackagesTransform: /home/jules/.gradle/caches/8.13/transforms/f9a19f1bde6cc7490ab7701984e32784/transformed/lifecycle-runtime-release-api.jar because:
  Build cache is disabled
Caching disabled for IdentityTransform: /home/jules/.gradle/caches/8.13/transforms/e93a2397da05536f7b6bdf247a58f9bc/transformed/lifecycle-viewmodel-savedstate-release-api.jar because:
  Build cache is disabled
  Caching not enabled.
Caching disabled for CopyTransform: /home/jules/.gradle/caches/8.13/transforms/e93a2397da05536f7b6bdf247a58f9bc/transformed/lifecycle-viewmodel-savedstate-release-api.jar because:
  Build cache is disabled
  Caching not enabled.
Caching disabled for IdentityTransform: /home/jules/.gradle/caches/8.13/transforms/f2631761c76d2acad2e2171f985b2575/transformed/lifecycle-livedata-core-2.9.4-api.jar because:
  Build cache is disabled
  Caching not enabled.
Caching disabled for IdentityTransform: /home/jules/.gradle/caches/8.13/transforms/9a592a6a3f042375ca7622989e57f98e/transformed/lifecycle-viewmodel-2.9.4-api.jar because:
  Build cache is disabled
  Caching not enabled.
Caching disabled for AggregatedPackagesTransform: /home/jules/.gradle/caches/8.13/transforms/e93a2397da05536f7b6bdf247a58f9bc/transformed/lifecycle-viewmodel-savedstate-release-api.jar because:
  Build cache is disabled
Caching disabled for CopyTransform: /home/jules/.gradle/caches/8.13/transforms/9a592a6a3f042375ca7622989e57f98e/transformed/lifecycle-viewmodel-2.9.4-api.jar because:
  Build cache is disabled
  Caching not enabled.
Caching disabled for CopyTransform: /home/jules/.gradle/caches/8.13/transforms/f2631761c76d2acad2e2171f985b2575/transformed/lifecycle-livedata-core-2.9.4-api.jar because:
  Build cache is disabled
  Caching not enabled.
Caching disabled for IdentityTransform: /home/jules/.gradle/caches/8.13/transforms/581a601420f6b0eab59e290ed0244437/transformed/lifecycle-viewmodel-release-api.jar because:
  Build cache is disabled
  Caching not enabled.
Caching disabled for AggregatedPackagesTransform: /home/jules/.gradle/caches/8.13/transforms/9a592a6a3f042375ca7622989e57f98e/transformed/lifecycle-viewmodel-2.9.4-api.jar because:
  Build cache is disabled
Caching disabled for AggregatedPackagesTransform: /home/jules/.gradle/caches/8.13/transforms/f2631761c76d2acad2e2171f985b2575/transformed/lifecycle-livedata-core-2.9.4-api.jar because:
  Build cache is disabled
Caching disabled for IdentityTransform: /home/jules/.gradle/caches/8.13/transforms/579fe88fd641c54af293f9cc1488ba0a/transformed/lifecycle-runtime-ktx-api.jar because:
  Build cache is disabled
  Caching not enabled.
Caching disabled for CopyTransform: /home/jules/.gradle/caches/8.13/transforms/581a601420f6b0eab59e290ed0244437/transformed/lifecycle-viewmodel-release-api.jar because:
  Build cache is disabled
  Caching not enabled.
Caching disabled for IdentityTransform: /home/jules/.gradle/caches/8.13/transforms/1636f6db3d210fafb093ea2dca143fad/transformed/lifecycle-viewmodel-compose-release-api.jar because:
  Build cache is disabled
  Caching not enabled.
Caching disabled for CopyTransform: /home/jules/.gradle/caches/8.13/transforms/579fe88fd641c54af293f9cc1488ba0a/transformed/lifecycle-runtime-ktx-api.jar because:
  Build cache is disabled
  Caching not enabled.
Caching disabled for AggregatedPackagesTransform: /home/jules/.gradle/caches/8.13/transforms/581a601420f6b0eab59e290ed0244437/transformed/lifecycle-viewmodel-release-api.jar because:
  Build cache is disabled
Caching disabled for CopyTransform: /home/jules/.gradle/caches/8.13/transforms/1636f6db3d210fafb093ea2dca143fad/transformed/lifecycle-viewmodel-compose-release-api.jar because:
  Build cache is disabled
  Caching not enabled.
Caching disabled for IdentityTransform: /home/jules/.gradle/caches/8.13/transforms/9f7956731e9494f0c2ac8fca8d30a22c/transformed/material-icons-extended-release-api.jar because:
  Build cache is disabled
  Caching not enabled.
Caching disabled for AggregatedPackagesTransform: /home/jules/.gradle/caches/8.13/transforms/1636f6db3d210fafb093ea2dca143fad/transformed/lifecycle-viewmodel-compose-release-api.jar because:
  Build cache is disabled
Caching disabled for AggregatedPackagesTransform: /home/jules/.gradle/caches/8.13/transforms/579fe88fd641c54af293f9cc1488ba0a/transformed/lifecycle-runtime-ktx-api.jar because:
  Build cache is disabled
Caching disabled for CopyTransform: /home/jules/.gradle/caches/8.13/transforms/9f7956731e9494f0c2ac8fca8d30a22c/transformed/material-icons-extended-release-api.jar because:
  Build cache is disabled
  Caching not enabled.
Caching disabled for IdentityTransform: /home/jules/.gradle/caches/8.13/transforms/5417f130fd0835077767fa731bf04dae/transformed/material-icons-core-release-api.jar because:
  Build cache is disabled
  Caching not enabled.
Caching disabled for IdentityTransform: /home/jules/.gradle/caches/8.13/transforms/2289772e60c264e8cbba9734bf771c3e/transformed/ui-release-api.jar because:
  Build cache is disabled
  Caching not enabled.
Caching disabled for CopyTransform: /home/jules/.gradle/caches/8.13/transforms/5417f130fd0835077767fa731bf04dae/transformed/material-icons-core-release-api.jar because:
  Build cache is disabled
  Caching not enabled.
Caching disabled for CopyTransform: /home/jules/.gradle/caches/8.13/transforms/2289772e60c264e8cbba9734bf771c3e/transformed/ui-release-api.jar because:
  Build cache is disabled
  Caching not enabled.
Caching disabled for AggregatedPackagesTransform: /home/jules/.gradle/caches/8.13/transforms/9f7956731e9494f0c2ac8fca8d30a22c/transformed/material-icons-extended-release-api.jar because:
  Build cache is disabled
Caching disabled for AggregatedPackagesTransform: /home/jules/.gradle/caches/8.13/transforms/2289772e60c264e8cbba9734bf771c3e/transformed/ui-release-api.jar because:
  Build cache is disabled
Caching disabled for AggregatedPackagesTransform: /home/jules/.gradle/caches/8.13/transforms/5417f130fd0835077767fa731bf04dae/transformed/material-icons-core-release-api.jar because:
  Build cache is disabled
Caching disabled for IdentityTransform: /home/jules/.gradle/caches/8.13/transforms/4cc4c657943a0c5d9f7f8bce8fea0a51/transformed/ui-tooling-api.jar because:
  Build cache is disabled
  Caching not enabled.
Caching disabled for CopyTransform: /home/jules/.gradle/caches/8.13/transforms/4cc4c657943a0c5d9f7f8bce8fea0a51/transformed/ui-tooling-api.jar because:
  Build cache is disabled
  Caching not enabled.
Caching disabled for AggregatedPackagesTransform: /home/jules/.gradle/caches/8.13/transforms/4cc4c657943a0c5d9f7f8bce8fea0a51/transformed/ui-tooling-api.jar because:
  Build cache is disabled
Caching disabled for IdentityTransform: /home/jules/.gradle/caches/8.13/transforms/4fa2334cb5885e2675d975ce445b6f3c/transformed/ui-test-manifest-1.9.0-api.jar because:
  Build cache is disabled
  Caching not enabled.
Caching disabled for CopyTransform: /home/jules/.gradle/caches/8.13/transforms/4fa2334cb5885e2675d975ce445b6f3c/transformed/ui-test-manifest-1.9.0-api.jar because:
  Build cache is disabled
  Caching not enabled.
Caching disabled for AggregatedPackagesTransform: /home/jules/.gradle/caches/8.13/transforms/4fa2334cb5885e2675d975ce445b6f3c/transformed/ui-test-manifest-1.9.0-api.jar because:
  Build cache is disabled
Caching disabled for IdentityTransform: /home/jules/.gradle/caches/8.13/transforms/65eed60626addba51d04f76cbda4ca76/transformed/activity-1.11.0-api.jar because:
  Build cache is disabled
  Caching not enabled.
Caching disabled for CopyTransform: /home/jules/.gradle/caches/8.13/transforms/65eed60626addba51d04f76cbda4ca76/transformed/activity-1.11.0-api.jar because:
  Build cache is disabled
  Caching not enabled.
Caching disabled for AggregatedPackagesTransform: /home/jules/.gradle/caches/8.13/transforms/65eed60626addba51d04f76cbda4ca76/transformed/activity-1.11.0-api.jar because:
  Build cache is disabled
Caching disabled for IdentityTransform: /home/jules/.gradle/caches/8.13/transforms/fef623b138b3f4038b2f8604c3915ffe/transformed/activity-compose-1.11.0-api.jar because:
  Build cache is disabled
  Caching not enabled.
Caching disabled for CopyTransform: /home/jules/.gradle/caches/8.13/transforms/fef623b138b3f4038b2f8604c3915ffe/transformed/activity-compose-1.11.0-api.jar because:
  Build cache is disabled
  Caching not enabled.
Caching disabled for AggregatedPackagesTransform: /home/jules/.gradle/caches/8.13/transforms/fef623b138b3f4038b2f8604c3915ffe/transformed/activity-compose-1.11.0-api.jar because:
  Build cache is disabled
Caching disabled for IdentityTransform: /home/jules/.gradle/caches/8.13/transforms/f91f4c30ccb50c055a31d514d81e0725/transformed/core-ktx-1.17.0-api.jar because:
  Build cache is disabled
  Caching not enabled.
Caching disabled for IdentityTransform: /home/jules/.gradle/caches/8.13/transforms/1607eac66ac3fcdb4446d21185d46068/transformed/room-runtime-release-api.jar because:
  Build cache is disabled
  Caching not enabled.
Caching disabled for CopyTransform: /home/jules/.gradle/caches/8.13/transforms/f91f4c30ccb50c055a31d514d81e0725/transformed/core-ktx-1.17.0-api.jar because:
  Build cache is disabled
  Caching not enabled.
Caching disabled for CopyTransform: /home/jules/.gradle/caches/8.13/transforms/1607eac66ac3fcdb4446d21185d46068/transformed/room-runtime-release-api.jar because:
  Build cache is disabled
  Caching not enabled.
Caching disabled for AggregatedPackagesTransform: /home/jules/.gradle/caches/8.13/transforms/f91f4c30ccb50c055a31d514d81e0725/transformed/core-ktx-1.17.0-api.jar because:
  Build cache is disabled
Caching disabled for IdentityTransform: /home/jules/.gradle/caches/8.13/transforms/a34e5226687857adb2c7850b3b1e7e1a/transformed/room-ktx-2.7.0-alpha12-api.jar because:
  Build cache is disabled
  Caching not enabled.
Caching disabled for CopyTransform: /home/jules/.gradle/caches/8.13/transforms/a34e5226687857adb2c7850b3b1e7e1a/transformed/room-ktx-2.7.0-alpha12-api.jar because:
  Build cache is disabled
  Caching not enabled.
Caching disabled for AggregatedPackagesTransform: /home/jules/.gradle/caches/8.13/transforms/a34e5226687857adb2c7850b3b1e7e1a/transformed/room-ktx-2.7.0-alpha12-api.jar because:
  Build cache is disabled
Caching disabled for IdentityTransform: /home/jules/.gradle/caches/8.13/transforms/a40112ac96266f76041284cf3b1c0c39/transformed/runtime-annotation-api.jar because:
  Build cache is disabled
  Caching not enabled.
Caching disabled for CopyTransform: /home/jules/.gradle/caches/8.13/transforms/a40112ac96266f76041284cf3b1c0c39/transformed/runtime-annotation-api.jar because:
  Build cache is disabled
  Caching not enabled.
Caching disabled for AggregatedPackagesTransform: /home/jules/.gradle/caches/8.13/transforms/a40112ac96266f76041284cf3b1c0c39/transformed/runtime-annotation-api.jar because:
  Build cache is disabled
Caching disabled for IdentityTransform: /home/jules/.gradle/caches/8.13/transforms/5f1b6fc3cdc55de075ed08a292bc0003/transformed/runtime-saveable-api.jar because:
  Build cache is disabled
  Caching not enabled.
Caching disabled for CopyTransform: /home/jules/.gradle/caches/8.13/transforms/5f1b6fc3cdc55de075ed08a292bc0003/transformed/runtime-saveable-api.jar because:
  Build cache is disabled
  Caching not enabled.
Caching disabled for AggregatedPackagesTransform: /home/jules/.gradle/caches/8.13/transforms/5f1b6fc3cdc55de075ed08a292bc0003/transformed/runtime-saveable-api.jar because:
  Build cache is disabled
Caching disabled for IdentityTransform: /home/jules/.gradle/caches/8.13/transforms/f54d35618a277ab74b8db11deb39ea62/transformed/savedstate-ktx-1.3.1-api.jar because:
  Build cache is disabled
  Caching not enabled.
Caching disabled for CopyTransform: /home/jules/.gradle/caches/8.13/transforms/f54d35618a277ab74b8db11deb39ea62/transformed/savedstate-ktx-1.3.1-api.jar because:
  Build cache is disabled
  Caching not enabled.
Caching disabled for AggregatedPackagesTransform: /home/jules/.gradle/caches/8.13/transforms/f54d35618a277ab74b8db11deb39ea62/transformed/savedstate-ktx-1.3.1-api.jar because:
  Build cache is disabled
Caching disabled for IdentityTransform: /home/jules/.gradle/caches/8.13/transforms/0a6aa015be71eeed833d33f52efb7c94/transformed/savedstate-release-api.jar because:
  Build cache is disabled
  Caching not enabled.
Caching disabled for CopyTransform: /home/jules/.gradle/caches/8.13/transforms/0a6aa015be71eeed833d33f52efb7c94/transformed/savedstate-release-api.jar because:
  Build cache is disabled
  Caching not enabled.
Caching disabled for AggregatedPackagesTransform: /home/jules/.gradle/caches/8.13/transforms/0a6aa015be71eeed833d33f52efb7c94/transformed/savedstate-release-api.jar because:
  Build cache is disabled
Caching disabled for IdentityTransform: /home/jules/.gradle/caches/8.13/transforms/3644a9b35e93bdefa2c0ffc02f85a32b/transformed/savedstate-compose-release-api.jar because:
  Build cache is disabled
  Caching not enabled.
Caching disabled for CopyTransform: /home/jules/.gradle/caches/8.13/transforms/3644a9b35e93bdefa2c0ffc02f85a32b/transformed/savedstate-compose-release-api.jar because:
  Build cache is disabled
  Caching not enabled.
Caching disabled for IdentityTransform: /home/jules/.gradle/caches/8.13/transforms/fd6788e0ccf71e9086038f8c1f6ef0e4/transformed/runtime-api.jar because:
  Build cache is disabled
  Caching not enabled.
Caching disabled for AggregatedPackagesTransform: /home/jules/.gradle/caches/8.13/transforms/3644a9b35e93bdefa2c0ffc02f85a32b/transformed/savedstate-compose-release-api.jar because:
  Build cache is disabled
Caching disabled for IdentityTransform: /home/jules/.gradle/caches/8.13/transforms/6086c81f84f022108bb47f6114c1fc4d/transformed/annotation-experimental-1.4.1-api.jar because:
  Build cache is disabled
  Caching not enabled.
Caching disabled for CopyTransform: /home/jules/.gradle/caches/8.13/transforms/fd6788e0ccf71e9086038f8c1f6ef0e4/transformed/runtime-api.jar because:
  Build cache is disabled
  Caching not enabled.
Caching disabled for CopyTransform: /home/jules/.gradle/caches/8.13/transforms/6086c81f84f022108bb47f6114c1fc4d/transformed/annotation-experimental-1.4.1-api.jar because:
  Build cache is disabled
  Caching not enabled.
Caching disabled for AggregatedPackagesTransform: /home/jules/.gradle/caches/8.13/transforms/fd6788e0ccf71e9086038f8c1f6ef0e4/transformed/runtime-api.jar because:
  Build cache is disabled
Caching disabled for AggregatedPackagesTransform: /home/jules/.gradle/caches/8.13/transforms/6086c81f84f022108bb47f6114c1fc4d/transformed/annotation-experimental-1.4.1-api.jar because:
  Build cache is disabled
Caching disabled for IdentityTransform: /home/jules/.gradle/caches/8.13/transforms/f4837b870536764faa45efc4de77e1c0/transformed/core-viewtree-1.0.0-api.jar because:
  Build cache is disabled
  Caching not enabled.
Caching disabled for IdentityTransform: /home/jules/.gradle/caches/8.13/transforms/560094b543f69591cf46e425f5dec2a7/transformed/versionedparcelable-1.1.1-api.jar because:
  Build cache is disabled
  Caching not enabled.
Caching disabled for CopyTransform: /home/jules/.gradle/caches/8.13/transforms/f4837b870536764faa45efc4de77e1c0/transformed/core-viewtree-1.0.0-api.jar because:
  Build cache is disabled
  Caching not enabled.
Caching disabled for CopyTransform: /home/jules/.gradle/caches/8.13/transforms/560094b543f69591cf46e425f5dec2a7/transformed/versionedparcelable-1.1.1-api.jar because:
  Build cache is disabled
  Caching not enabled.
Caching disabled for AggregatedPackagesTransform: /home/jules/.gradle/caches/8.13/transforms/f4837b870536764faa45efc4de77e1c0/transformed/core-viewtree-1.0.0-api.jar because:
  Build cache is disabled
Caching disabled for AggregatedPackagesTransform: /home/jules/.gradle/caches/8.13/transforms/560094b543f69591cf46e425f5dec2a7/transformed/versionedparcelable-1.1.1-api.jar because:
  Build cache is disabled
Caching disabled for IdentityTransform: /home/jules/.gradle/caches/8.13/transforms/10c68bb4700d532482c0247bed8014ed/transformed/sqlite-framework-api.jar because:
  Build cache is disabled
  Caching not enabled.
Caching disabled for IdentityTransform: /home/jules/.gradle/caches/8.13/transforms/90cd3bca8e3fe7d7ac7fe4026901a558/transformed/sqlite-api.jar because:
  Build cache is disabled
  Caching not enabled.
Caching disabled for CopyTransform: /home/jules/.gradle/caches/8.13/transforms/10c68bb4700d532482c0247bed8014ed/transformed/sqlite-framework-api.jar because:
  Build cache is disabled
  Caching not enabled.
Caching disabled for CopyTransform: /home/jules/.gradle/caches/8.13/transforms/90cd3bca8e3fe7d7ac7fe4026901a558/transformed/sqlite-api.jar because:
  Build cache is disabled
  Caching not enabled.
Caching disabled for AggregatedPackagesTransform: /home/jules/.gradle/caches/8.13/transforms/10c68bb4700d532482c0247bed8014ed/transformed/sqlite-framework-api.jar because:
  Build cache is disabled
Caching disabled for AggregatedPackagesTransform: /home/jules/.gradle/caches/8.13/transforms/90cd3bca8e3fe7d7ac7fe4026901a558/transformed/sqlite-api.jar because:
  Build cache is disabled
Caching disabled for IdentityTransform: /home/jules/.gradle/caches/8.13/transforms/9a495c2b9e980ef00251363acac497c9/transformed/core-runtime-2.2.0-api.jar because:
  Build cache is disabled
  Caching not enabled.
Caching disabled for IdentityTransform: /home/jules/.gradle/caches/8.13/transforms/e81b179a6d42642c65c278e8e1fc7f27/transformed/dagger-lint-aar-2.54-api.jar because:
  Build cache is disabled
  Caching not enabled.
Caching disabled for CopyTransform: /home/jules/.gradle/caches/8.13/transforms/9a495c2b9e980ef00251363acac497c9/transformed/core-runtime-2.2.0-api.jar because:
  Build cache is disabled
  Caching not enabled.
Caching disabled for AggregatedPackagesTransform: /home/jules/.gradle/caches/8.13/transforms/9a495c2b9e980ef00251363acac497c9/transformed/core-runtime-2.2.0-api.jar because:
  Build cache is disabled
Caching disabled for CopyTransform: /home/jules/.gradle/caches/8.13/transforms/e81b179a6d42642c65c278e8e1fc7f27/transformed/dagger-lint-aar-2.54-api.jar because:
  Build cache is disabled
  Caching not enabled.
Caching disabled for AggregatedPackagesTransform: /home/jules/.gradle/caches/8.13/transforms/e81b179a6d42642c65c278e8e1fc7f27/transformed/dagger-lint-aar-2.54-api.jar because:
  Build cache is disabled
Caching disabled for CopyTransform: /app/app/build/tmp/kotlin-classes/debug because:
  Build cache is disabled
  Caching not enabled.
Caching disabled for CopyTransform: /app/app/build/intermediates/javac/debug/compileDebugJavaWithJavac/classes because:
  Build cache is disabled
  Caching not enabled.
Caching disabled for AggregatedPackagesTransform: /app/app/build/intermediates/javac/debug/compileDebugJavaWithJavac/classes because:
  Build cache is disabled
Caching disabled for AggregatedPackagesTransform: /app/app/build/tmp/kotlin-classes/debug because:
  Build cache is disabled
Caching disabled for AggregatedPackagesTransform: /home/jules/.gradle/caches/8.13/transforms/1607eac66ac3fcdb4446d21185d46068/transformed/room-runtime-release-api.jar because:
  Build cache is disabled
Caching disabled for task ':app:hiltAggregateDepsDebug' because:
  Build cache is disabled
Task ':app:hiltAggregateDepsDebug' is not up-to-date because:
  No history is available.
The input changes require a full rebuild for incremental task ':app:hiltAggregateDepsDebug'.

Resolve mutations for :app:preDebugUnitTestBuild (Thread[#57,included builds,5,main]) started.
:app:preDebugUnitTestBuild (Thread[#57,included builds,5,main]) started.

> Task :app:preDebugUnitTestBuild UP-TO-DATE
Skipping task ':app:preDebugUnitTestBuild' as it has no actions.
Resolve mutations for :app:javaPreCompileDebugUnitTest (Thread[#57,included builds,5,main]) started.
:app:javaPreCompileDebugUnitTest (Thread[#57,included builds,5,main]) started.

> Task :app:javaPreCompileDebugUnitTest UP-TO-DATE
Caching disabled for task ':app:javaPreCompileDebugUnitTest' because:
  Build cache is disabled
Skipping task ':app:javaPreCompileDebugUnitTest' as it is up-to-date.
Resolve mutations for :app:hiltJavaCompileDebug (Thread[#60,Execution worker Thread 3,5,main]) started.
:app:hiltJavaCompileDebug (Thread[#60,Execution worker Thread 3,5,main]) started.

> Task :app:hiltJavaCompileDebug
file or directory '/app/app/build/generated/ksp/debug/classes', not found
Resource missing. [HTTP GET: https://dl.google.com/dl/android/maven2/com/google/dagger/hilt-compiler/2.54/hilt-compiler-2.54.pom]
Downloading https://repo.maven.apache.org/maven2/com/google/dagger/hilt-compiler/2.54/hilt-compiler-2.54.pom to /home/jules/.gradle/.tmp/gradle_download1231896647470842231bin
Downloading https://repo.maven.apache.org/maven2/com/google/dagger/hilt-compiler/2.54/hilt-compiler-2.54.jar to /home/jules/.gradle/.tmp/gradle_download239469658725216474bin
file or directory '/app/app/build/generated/ksp/debug/classes', not found
Caching disabled for task ':app:hiltJavaCompileDebug' because:
  Build cache is disabled
Task ':app:hiltJavaCompileDebug' is not up-to-date because:
  No history is available.
The input changes require a full rebuild for incremental task ':app:hiltJavaCompileDebug'.
Compilation mode: in-process compilation
file or directory '/app/app/build/generated/ksp/debug/classes', not found
Full recompilation is required because no incremental change information is available. This is usually caused by clean builds or changing compiler arguments.
Compiling with toolchain '/usr/lib/jvm/java-21-openjdk-amd64'.
Compiling with JDK Java compiler API.
Class dependency analysis for incremental compilation took 0.017 secs.
Created classpath snapshot for incremental compilation in 2.789 secs.
Resolve mutations for :app:transformDebugClassesWithAsm (Thread[#60,Execution worker Thread 3,5,main]) started.
:app:transformDebugClassesWithAsm (Thread[#60,Execution worker Thread 3,5,main]) started.
Resolve mutations for :app:processDebugJavaRes (Thread[#58,Execution worker,5,main]) started.
:app:processDebugJavaRes (Thread[#58,Execution worker,5,main]) started.

> Task :app:processDebugJavaRes
file or directory '/app/app/src/main/resources', not found
file or directory '/app/app/src/debug/resources', not found
file or directory '/app/app/build/generated/ksp/debug/classes', not found
file or directory '/app/app/build/generated/ksp/debug/classes', not found
file or directory '/app/app/src/main/resources', not found
file or directory '/app/app/src/debug/resources', not found
file or directory '/app/app/build/generated/ksp/debug/classes', not found
file or directory '/app/app/build/generated/ksp/debug/classes', not found
Caching disabled for task ':app:processDebugJavaRes' because:
  Build cache is disabled
  Caching has been disabled for the task
Task ':app:processDebugJavaRes' is not up-to-date because:
  No history is available.
file or directory '/app/app/src/main/resources', not found
file or directory '/app/app/src/debug/resources', not found
file or directory '/app/app/build/generated/ksp/debug/classes', not found
file or directory '/app/app/build/generated/ksp/debug/classes', not found
file or directory '/app/app/src/main/resources', not found
file or directory '/app/app/src/debug/resources', not found
work action resolve out (project :app) (Thread[#58,Execution worker,5,main]) started.
Resolve mutations for :app:bundleDebugClassesToCompileJar (Thread[#58,Execution worker,5,main]) started.
:app:bundleDebugClassesToCompileJar (Thread[#58,Execution worker,5,main]) started.

> Task :app:bundleDebugClassesToCompileJar
Caching disabled for task ':app:bundleDebugClassesToCompileJar' because:
  Build cache is disabled
  Caching has been disabled for the task
Task ':app:bundleDebugClassesToCompileJar' is not up-to-date because:
  No history is available.
file or directory '/app/app/build/generated/ksp/debug/classes', not found
work action resolve classes.jar (project :app) (Thread[#58,Execution worker,5,main]) started.
Resolve mutations for :app:kspDebugUnitTestKotlin (Thread[#58,Execution worker,5,main]) started.
:app:kspDebugUnitTestKotlin (Thread[#58,Execution worker,5,main]) started.

> Task :app:transformDebugClassesWithAsm
file or directory '/app/app/build/generated/ksp/debug/classes', not found
file or directory '/app/app/build/generated/ksp/debug/classes', not found
Caching disabled for task ':app:transformDebugClassesWithAsm' because:
  Build cache is disabled
Task ':app:transformDebugClassesWithAsm' is not up-to-date because:
  No history is available.
The input changes require a full rebuild for incremental task ':app:transformDebugClassesWithAsm'.

> Task :app:kspDebugUnitTestKotlin
file or directory '/app/app/src/debugUnitTest/kotlin', not found
file or directory '/app/app/src/test/kotlin', not found
file or directory '/app/app/src/testDebug/kotlin', not found
file or directory '/app/app/src/testDebug/java', not found
file or directory '/app/app/src/testDebug/java', not found
Resource missing. [HTTP GET: https://dl.google.com/dl/android/maven2/org/mockito/mockito-core/5.11.0/mockito-core-5.11.0.pom]
Resource missing. [HTTP GET: https://dl.google.com/dl/android/maven2/org/mockito/kotlin/mockito-kotlin/5.4.0/mockito-kotlin-5.4.0.pom]
Resource missing. [HTTP GET: https://dl.google.com/dl/android/maven2/org/mockito/mockito-inline/5.2.0/mockito-inline-5.2.0.pom]
Resource missing. [HTTP GET: https://dl.google.com/dl/android/maven2/junit/junit/4.13.2/junit-4.13.2.pom]
Downloading https://repo.maven.apache.org/maven2/org/mockito/mockito-core/5.11.0/mockito-core-5.11.0.pom to /home/jules/.gradle/.tmp/gradle_download1517987747846492798bin
Downloading https://repo.maven.apache.org/maven2/org/mockito/kotlin/mockito-kotlin/5.4.0/mockito-kotlin-5.4.0.pom to /home/jules/.gradle/.tmp/gradle_download830910454261718977bin
Downloading https://repo.maven.apache.org/maven2/org/mockito/mockito-inline/5.2.0/mockito-inline-5.2.0.pom to /home/jules/.gradle/.tmp/gradle_download11499122124073775653bin
Downloading https://repo.maven.apache.org/maven2/junit/junit/4.13.2/junit-4.13.2.pom to /home/jules/.gradle/.tmp/gradle_download16473284499307891996bin
Resource missing. [HTTP GET: https://dl.google.com/dl/android/maven2/org/jetbrains/kotlinx/kotlinx-coroutines-test/1.7.3/kotlinx-coroutines-test-1.7.3.pom]
Downloading https://repo.maven.apache.org/maven2/org/jetbrains/kotlinx/kotlinx-coroutines-test/1.7.3/kotlinx-coroutines-test-1.7.3.pom to /home/jules/.gradle/.tmp/gradle_download9711547887401558293bin
Downloading https://repo.maven.apache.org/maven2/org/jetbrains/kotlinx/kotlinx-coroutines-test/1.7.3/kotlinx-coroutines-test-1.7.3.module to /home/jules/.gradle/.tmp/gradle_download11804031816630153007bin
Resource missing. [HTTP GET: https://dl.google.com/dl/android/maven2/org/hamcrest/hamcrest-core/1.3/hamcrest-core-1.3.pom]
Downloading https://repo.maven.apache.org/maven2/org/hamcrest/hamcrest-core/1.3/hamcrest-core-1.3.pom to /home/jules/.gradle/.tmp/gradle_download17328418036243888001bin
Resource missing. [HTTP GET: https://dl.google.com/dl/android/maven2/org/hamcrest/hamcrest-parent/1.3/hamcrest-parent-1.3.pom]
Downloading https://repo.maven.apache.org/maven2/org/hamcrest/hamcrest-parent/1.3/hamcrest-parent-1.3.pom to /home/jules/.gradle/.tmp/gradle_download2989410718103080491bin
Resource missing. [HTTP GET: https://dl.google.com/dl/android/maven2/org/objenesis/objenesis/3.3/objenesis-3.3.pom]
Resource missing. [HTTP GET: https://dl.google.com/dl/android/maven2/net/bytebuddy/byte-buddy/1.14.12/byte-buddy-1.14.12.pom]
Downloading https://repo.maven.apache.org/maven2/org/objenesis/objenesis/3.3/objenesis-3.3.pom to /home/jules/.gradle/.tmp/gradle_download18444146210060594242bin
Downloading https://repo.maven.apache.org/maven2/net/bytebuddy/byte-buddy/1.14.12/byte-buddy-1.14.12.pom to /home/jules/.gradle/.tmp/gradle_download15719671352476540965bin
Resource missing. [HTTP GET: https://dl.google.com/dl/android/maven2/net/bytebuddy/byte-buddy-agent/1.14.12/byte-buddy-agent-1.14.12.pom]
Downloading https://repo.maven.apache.org/maven2/net/bytebuddy/byte-buddy-agent/1.14.12/byte-buddy-agent-1.14.12.pom to /home/jules/.gradle/.tmp/gradle_download1649586786667315184bin
Resource missing. [HTTP GET: https://dl.google.com/dl/android/maven2/org/objenesis/objenesis-parent/3.3/objenesis-parent-3.3.pom]
Downloading https://repo.maven.apache.org/maven2/org/objenesis/objenesis-parent/3.3/objenesis-parent-3.3.pom to /home/jules/.gradle/.tmp/gradle_download11486054987824558083bin
Resource missing. [HTTP GET: https://dl.google.com/dl/android/maven2/net/bytebuddy/byte-buddy-parent/1.14.12/byte-buddy-parent-1.14.12.pom]
Downloading https://repo.maven.apache.org/maven2/net/bytebuddy/byte-buddy-parent/1.14.12/byte-buddy-parent-1.14.12.pom to /home/jules/.gradle/.tmp/gradle_download16959047387548036347bin
Resource missing. [HTTP GET: https://dl.google.com/dl/android/maven2/org/mockito/mockito-core/5.12.0/mockito-core-5.12.0.pom]
Downloading https://repo.maven.apache.org/maven2/org/mockito/mockito-core/5.12.0/mockito-core-5.12.0.pom to /home/jules/.gradle/.tmp/gradle_download6000029834053462760bin
Resource missing. [HTTP GET: https://dl.google.com/dl/android/maven2/org/jetbrains/kotlin/kotlin-reflect/1.9.20/kotlin-reflect-1.9.20.pom]
Downloading https://repo.maven.apache.org/maven2/org/jetbrains/kotlin/kotlin-reflect/1.9.20/kotlin-reflect-1.9.20.pom to /home/jules/.gradle/.tmp/gradle_download9347580062118506370bin
Resource missing. [HTTP GET: https://dl.google.com/dl/android/maven2/org/jetbrains/kotlinx/kotlinx-coroutines-test-jvm/1.7.3/kotlinx-coroutines-test-jvm-1.7.3.pom]
Downloading https://repo.maven.apache.org/maven2/org/jetbrains/kotlinx/kotlinx-coroutines-test-jvm/1.7.3/kotlinx-coroutines-test-jvm-1.7.3.pom to /home/jules/.gradle/.tmp/gradle_download18406818704358307734bin
Downloading https://repo.maven.apache.org/maven2/org/jetbrains/kotlinx/kotlinx-coroutines-test-jvm/1.7.3/kotlinx-coroutines-test-jvm-1.7.3.module to /home/jules/.gradle/.tmp/gradle_download983417402488315428bin
Resource missing. [HTTP GET: https://dl.google.com/dl/android/maven2/net/bytebuddy/byte-buddy/1.14.15/byte-buddy-1.14.15.pom]
Downloading https://repo.maven.apache.org/maven2/net/bytebuddy/byte-buddy/1.14.15/byte-buddy-1.14.15.pom to /home/jules/.gradle/.tmp/gradle_download2819246317961156133bin
Resource missing. [HTTP GET: https://dl.google.com/dl/android/maven2/net/bytebuddy/byte-buddy-agent/1.14.15/byte-buddy-agent-1.14.15.pom]
Downloading https://repo.maven.apache.org/maven2/net/bytebuddy/byte-buddy-agent/1.14.15/byte-buddy-agent-1.14.15.pom to /home/jules/.gradle/.tmp/gradle_download11030961976337101829bin
Resource missing. [HTTP GET: https://dl.google.com/dl/android/maven2/net/bytebuddy/byte-buddy-parent/1.14.15/byte-buddy-parent-1.14.15.pom]
Downloading https://repo.maven.apache.org/maven2/net/bytebuddy/byte-buddy-parent/1.14.15/byte-buddy-parent-1.14.15.pom to /home/jules/.gradle/.tmp/gradle_download9945958980454763432bin
Resource missing. [HTTP GET: https://dl.google.com/dl/android/maven2/org/jetbrains/kotlinx/kotlinx-coroutines-jdk8/1.7.3/kotlinx-coroutines-jdk8-1.7.3.pom]
Downloading https://repo.maven.apache.org/maven2/org/jetbrains/kotlinx/kotlinx-coroutines-jdk8/1.7.3/kotlinx-coroutines-jdk8-1.7.3.pom to /home/jules/.gradle/.tmp/gradle_download17926590268188984047bin
Downloading https://repo.maven.apache.org/maven2/org/jetbrains/kotlinx/kotlinx-coroutines-jdk8/1.7.3/kotlinx-coroutines-jdk8-1.7.3.module to /home/jules/.gradle/.tmp/gradle_download10582417686732241112bin
Resource missing. [HTTP GET: https://dl.google.com/dl/android/maven2/org/jetbrains/kotlinx/kotlinx-coroutines-slf4j/1.7.3/kotlinx-coroutines-slf4j-1.7.3.pom]
Downloading https://repo.maven.apache.org/maven2/org/jetbrains/kotlinx/kotlinx-coroutines-slf4j/1.7.3/kotlinx-coroutines-slf4j-1.7.3.pom to /home/jules/.gradle/.tmp/gradle_download4030228061331634289bin
Downloading https://repo.maven.apache.org/maven2/org/jetbrains/kotlinx/kotlinx-coroutines-slf4j/1.7.3/kotlinx-coroutines-slf4j-1.7.3.module to /home/jules/.gradle/.tmp/gradle_download1877244331389887848bin
Resource missing. [HTTP GET: https://dl.google.com/dl/android/maven2/org/jetbrains/kotlinx/kotlinx-coroutines-test-jvm/1.8.1/kotlinx-coroutines-test-jvm-1.8.1.pom]
Downloading https://repo.maven.apache.org/maven2/org/jetbrains/kotlinx/kotlinx-coroutines-test-jvm/1.8.1/kotlinx-coroutines-test-jvm-1.8.1.pom to /home/jules/.gradle/.tmp/gradle_download4676234882702834353bin
Downloading https://repo.maven.apache.org/maven2/org/jetbrains/kotlinx/kotlinx-coroutines-test-jvm/1.8.1/kotlinx-coroutines-test-jvm-1.8.1.module to /home/jules/.gradle/.tmp/gradle_download9681441262797752356bin
Resource missing. [HTTP GET: https://dl.google.com/dl/android/maven2/org/jetbrains/kotlinx/kotlinx-coroutines-test/1.8.1/kotlinx-coroutines-test-1.8.1.pom]
Downloading https://repo.maven.apache.org/maven2/org/jetbrains/kotlinx/kotlinx-coroutines-test/1.8.1/kotlinx-coroutines-test-1.8.1.pom to /home/jules/.gradle/.tmp/gradle_download7927211644799339248bin
Downloading https://repo.maven.apache.org/maven2/org/jetbrains/kotlinx/kotlinx-coroutines-test/1.8.1/kotlinx-coroutines-test-1.8.1.module to /home/jules/.gradle/.tmp/gradle_download2926249755934227419bin
Resource missing. [HTTP GET: https://dl.google.com/dl/android/maven2/org/jetbrains/kotlinx/kotlinx-coroutines-test-jvm/1.9.0/kotlinx-coroutines-test-jvm-1.9.0.pom]
Downloading https://repo.maven.apache.org/maven2/org/jetbrains/kotlinx/kotlinx-coroutines-test-jvm/1.9.0/kotlinx-coroutines-test-jvm-1.9.0.pom to /home/jules/.gradle/.tmp/gradle_download10164196076904949842bin
Downloading https://repo.maven.apache.org/maven2/org/jetbrains/kotlinx/kotlinx-coroutines-test-jvm/1.9.0/kotlinx-coroutines-test-jvm-1.9.0.module to /home/jules/.gradle/.tmp/gradle_download7752567221935841312bin
Resource missing. [HTTP GET: https://dl.google.com/dl/android/maven2/org/jetbrains/kotlinx/kotlinx-coroutines-test/1.9.0/kotlinx-coroutines-test-1.9.0.pom]
Downloading https://repo.maven.apache.org/maven2/org/jetbrains/kotlinx/kotlinx-coroutines-test/1.9.0/kotlinx-coroutines-test-1.9.0.pom to /home/jules/.gradle/.tmp/gradle_download11839289809947579342bin
Downloading https://repo.maven.apache.org/maven2/org/jetbrains/kotlinx/kotlinx-coroutines-test/1.9.0/kotlinx-coroutines-test-1.9.0.module to /home/jules/.gradle/.tmp/gradle_download4108091434588104820bin
Downloading https://repo.maven.apache.org/maven2/junit/junit/4.13.2/junit-4.13.2.jar to /home/jules/.gradle/.tmp/gradle_download14384998481835769552bin
Downloading https://repo.maven.apache.org/maven2/org/mockito/mockito-inline/5.2.0/mockito-inline-5.2.0.jar to /home/jules/.gradle/.tmp/gradle_download6924777610877443411bin
Downloading https://repo.maven.apache.org/maven2/org/jetbrains/kotlinx/kotlinx-coroutines-test-jvm/1.9.0/kotlinx-coroutines-test-jvm-1.9.0.jar to /home/jules/.gradle/.tmp/gradle_download1432019766424367087bin
Caching disabled for IdentityTransform: /home/jules/.gradle/caches/modules-2/files-2.1/org.mockito/mockito-inline/5.2.0/3d1dffee9a8a1998ec782383ca2f818848f2d5f1/mockito-inline-5.2.0.jar because:
  Build cache is disabled
  Caching not enabled.
Downloading https://repo.maven.apache.org/maven2/org/mockito/kotlin/mockito-kotlin/5.4.0/mockito-kotlin-5.4.0.jar to /home/jules/.gradle/.tmp/gradle_download11406415849171492565bin
Caching disabled for IdentityTransform: /home/jules/.gradle/caches/modules-2/files-2.1/org.mockito.kotlin/mockito-kotlin/5.4.0/d2be6a10761fdc7ba5c4277b29054bb639cab0ca/mockito-kotlin-5.4.0.jar because:
  Build cache is disabled
  Caching not enabled.
Downloading https://repo.maven.apache.org/maven2/org/mockito/mockito-core/5.12.0/mockito-core-5.12.0.jar to /home/jules/.gradle/.tmp/gradle_download16470021489755037906bin
Caching disabled for IdentityTransform: /home/jules/.gradle/caches/modules-2/files-2.1/org.jetbrains.kotlinx/kotlinx-coroutines-test-jvm/1.9.0/7227c0691a604e2b32f525b628014dda862d0eed/kotlinx-coroutines-test-jvm-1.9.0.jar because:
  Build cache is disabled
  Caching not enabled.
Downloading https://repo.maven.apache.org/maven2/org/hamcrest/hamcrest-core/1.3/hamcrest-core-1.3.jar to /home/jules/.gradle/.tmp/gradle_download4240216893167546955bin
Caching disabled for IdentityTransform: /home/jules/.gradle/caches/modules-2/files-2.1/org.hamcrest/hamcrest-core/1.3/42a25dc3219429f0e5d060061f71acb49bf010a0/hamcrest-core-1.3.jar because:
  Build cache is disabled
  Caching not enabled.
Caching disabled for IdentityTransform: /home/jules/.gradle/caches/modules-2/files-2.1/junit/junit/4.13.2/8ac9e16d933b6fb43bc7f576336b8f4d7eb5ba12/junit-4.13.2.jar because:
  Build cache is disabled
  Caching not enabled.
Downloading https://repo.maven.apache.org/maven2/net/bytebuddy/byte-buddy/1.14.15/byte-buddy-1.14.15.jar to /home/jules/.gradle/.tmp/gradle_download14954584400448563837bin
Downloading https://repo.maven.apache.org/maven2/net/bytebuddy/byte-buddy-agent/1.14.15/byte-buddy-agent-1.14.15.jar to /home/jules/.gradle/.tmp/gradle_download11581311105830715622bin
Caching disabled for IdentityTransform: /home/jules/.gradle/caches/modules-2/files-2.1/net.bytebuddy/byte-buddy-agent/1.14.15/b4cc9d88d5de562bf75b3a54ab436ad01b3f72d/byte-buddy-agent-1.14.15.jar because:
  Build cache is disabled
  Caching not enabled.
Caching disabled for IdentityTransform: /home/jules/.gradle/caches/modules-2/files-2.1/org.mockito/mockito-core/5.12.0/22f8bbaf478e6789164787fa411a3b5ed986e110/mockito-core-5.12.0.jar because:
  Build cache is disabled
  Caching not enabled.
Caching disabled for IdentityTransform: /home/jules/.gradle/caches/modules-2/files-2.1/net.bytebuddy/byte-buddy/1.14.15/11c9440bc7f9468761e5a82778a05205169d49a9/byte-buddy-1.14.15.jar because:
  Build cache is disabled
  Caching not enabled.
Caching disabled for BuildToolsApiClasspathEntrySnapshotTransform: /home/jules/.gradle/caches/modules-2/files-2.1/org.jetbrains.kotlinx/kotlinx-coroutines-test-jvm/1.9.0/7227c0691a604e2b32f525b628014dda862d0eed/kotlinx-coroutines-test-jvm-1.9.0.jar because:
  Build cache is disabled
Caching disabled for BuildToolsApiClasspathEntrySnapshotTransform: /home/jules/.gradle/caches/modules-2/files-2.1/org.mockito.kotlin/mockito-kotlin/5.4.0/d2be6a10761fdc7ba5c4277b29054bb639cab0ca/mockito-kotlin-5.4.0.jar because:
  Build cache is disabled
Caching disabled for BuildToolsApiClasspathEntrySnapshotTransform: /home/jules/.gradle/caches/modules-2/files-2.1/junit/junit/4.13.2/8ac9e16d933b6fb43bc7f576336b8f4d7eb5ba12/junit-4.13.2.jar because:
  Build cache is disabled
Caching disabled for BuildToolsApiClasspathEntrySnapshotTransform: /app/app/build/intermediates/compile_app_classes_jar/debug/bundleDebugClassesToCompileJar/classes.jar because:
  Build cache is disabled
Caching disabled for BuildToolsApiClasspathEntrySnapshotTransform: /home/jules/.gradle/caches/modules-2/files-2.1/org.mockito/mockito-inline/5.2.0/3d1dffee9a8a1998ec782383ca2f818848f2d5f1/mockito-inline-5.2.0.jar because:
  Build cache is disabled
Caching disabled for BuildToolsApiClasspathEntrySnapshotTransform: /home/jules/.gradle/caches/modules-2/files-2.1/org.hamcrest/hamcrest-core/1.3/42a25dc3219429f0e5d060061f71acb49bf010a0/hamcrest-core-1.3.jar because:
  Build cache is disabled
Caching disabled for BuildToolsApiClasspathEntrySnapshotTransform: /home/jules/.gradle/caches/modules-2/files-2.1/org.mockito/mockito-core/5.12.0/22f8bbaf478e6789164787fa411a3b5ed986e110/mockito-core-5.12.0.jar because:
  Build cache is disabled
Caching disabled for BuildToolsApiClasspathEntrySnapshotTransform: /home/jules/.gradle/caches/modules-2/files-2.1/net.bytebuddy/byte-buddy-agent/1.14.15/b4cc9d88d5de562bf75b3a54ab436ad01b3f72d/byte-buddy-agent-1.14.15.jar because:
  Build cache is disabled
Caching disabled for BuildToolsApiClasspathEntrySnapshotTransform: /home/jules/.gradle/caches/modules-2/files-2.1/net.bytebuddy/byte-buddy/1.14.15/11c9440bc7f9468761e5a82778a05205169d49a9/byte-buddy-1.14.15.jar because:
  Build cache is disabled
file or directory '/app/app/src/debugUnitTest/kotlin', not found
file or directory '/app/app/src/test/kotlin', not found
file or directory '/app/app/src/testDebug/kotlin', not found
file or directory '/app/app/src/testDebug/java', not found
file or directory '/app/app/src/testDebug/java', not found
Caching disabled for task ':app:kspDebugUnitTestKotlin' because:
  Build cache is disabled
Task ':app:kspDebugUnitTestKotlin' is not up-to-date because:
  No history is available.
The input changes require a full rebuild for incremental task ':app:kspDebugUnitTestKotlin'.
file or directory '/app/app/src/debugUnitTest/kotlin', not found
file or directory '/app/app/src/test/kotlin', not found
file or directory '/app/app/src/testDebug/kotlin', not found
file or directory '/app/app/src/testDebug/java', not found
file or directory '/app/app/src/testDebug/java', not found
file or directory '/app/app/src/debugUnitTest/kotlin', not found
file or directory '/app/app/src/test/kotlin', not found
file or directory '/app/app/src/debugUnitTest/kotlin', not found
file or directory '/app/app/src/test/kotlin', not found
file or directory '/app/app/src/testDebug/kotlin', not found
file or directory '/app/app/src/testDebug/java', not found
file or directory '/app/app/src/testDebug/java', not found
file or directory '/app/app/src/debugUnitTest/kotlin', not found
file or directory '/app/app/src/test/kotlin', not found
file or directory '/app/app/src/testDebug/kotlin', not found
file or directory '/app/app/src/testDebug/java', not found
file or directory '/app/app/src/testDebug/java', not found
file or directory '/app/app/src/debugUnitTest/kotlin', not found
file or directory '/app/app/src/test/kotlin', not found
file or directory '/app/app/src/testDebug/kotlin', not found
file or directory '/app/app/src/testDebug/java', not found
file or directory '/app/app/src/testDebug/java', not found
Kotlin source files: /app/app/src/test/java/io/aatricks/novelscraper/data/repository/ContentRepositoryConcurrencyTest.kt, /app/app/src/test/java/io/aatricks/novelscraper/data/repository/ContentRepositoryBenchmarkTest.kt, /app/app/src/test/java/io/aatricks/novelscraper/data/repository/ExploreRepositoryTest.kt, /app/app/src/test/java/io/aatricks/novelscraper/data/repository/ContentRepositoryUrlTest.kt, /app/app/src/test/java/io/aatricks/novelscraper/data/repository/LibraryRepositoryBenchmarkTest.kt, /app/app/src/test/java/io/aatricks/novelscraper/data/repository/LibraryRepositoryTest.kt, /app/app/src/test/java/io/aatricks/novelscraper/data/repository/source/NovelFireSourceTest.kt, /app/app/src/test/java/io/aatricks/novelscraper/data/repository/source/NovelFireSourceConcurrencyTest.kt, /app/app/src/test/java/io/aatricks/novelscraper/data/repository/source/BaseJsoupSourceSecurityTest.kt, /app/app/src/test/java/io/aatricks/novelscraper/data/repository/source/MangaBatSourceTest.kt, /app/app/src/test/java/io/aatricks/novelscraper/data/repository/LibraryRepositoryUpdateTest.kt, /app/app/src/test/java/io/aatricks/novelscraper/data/repository/ContentRepositoryTest.kt, /app/app/src/test/java/io/aatricks/novelscraper/data/repository/ContentRepositoryEpubTest.kt, /app/app/src/test/java/io/aatricks/novelscraper/util/TextUtilsTest.kt, /app/app/src/test/java/io/aatricks/novelscraper/util/TextUtilsBenchmarkTest.kt, /app/app/src/test/java/io/aatricks/novelscraper/util/UrlSecurityTest.kt, /app/app/src/test/java/io/aatricks/novelscraper/util/SafeRedirectInterceptorTest.kt, /app/app/src/test/java/io/aatricks/novelscraper/util/WebViewUtilsTest.kt, /app/app/src/test/java/io/aatricks/novelscraper/ExampleUnitTest.kt, /app/app/src/test/java/io/aatricks/novelscraper/ui/screens/ReaderScreenPrefetchTest.kt, /app/app/src/test/java/io/aatricks/novelscraper/ui/viewmodel/ReaderViewModelTest.kt, /app/app/src/test/java/io/aatricks/novelscraper/ui/viewmodel/ReaderViewModelNavigationTest.kt, /app/app/src/test/java/io/aatricks/novelscraper/ui/viewmodel/ReaderViewModelSecurityTest.kt, /app/app/src/test/java/io/aatricks/novelscraper/ui/viewmodel/LibraryViewModelTest.kt
Java source files:
Script source files:
Script file extensions:
Caching disabled for StructureTransformAction: /app/app/build/intermediates/compile_app_classes_jar/debug/bundleDebugClassesToCompileJar/classes.jar because:
  Build cache is disabled
Caching disabled for StructureTransformAction: /home/jules/.gradle/caches/modules-2/files-2.1/org.jetbrains.kotlinx/kotlinx-coroutines-test-jvm/1.9.0/7227c0691a604e2b32f525b628014dda862d0eed/kotlinx-coroutines-test-jvm-1.9.0.jar because:
  Build cache is disabled
Caching disabled for StructureTransformAction: /home/jules/.gradle/caches/modules-2/files-2.1/junit/junit/4.13.2/8ac9e16d933b6fb43bc7f576336b8f4d7eb5ba12/junit-4.13.2.jar because:
  Build cache is disabled
Caching disabled for StructureTransformAction: /home/jules/.gradle/caches/modules-2/files-2.1/org.mockito.kotlin/mockito-kotlin/5.4.0/d2be6a10761fdc7ba5c4277b29054bb639cab0ca/mockito-kotlin-5.4.0.jar because:
  Build cache is disabled
Caching disabled for StructureTransformAction: /home/jules/.gradle/caches/modules-2/files-2.1/org.mockito/mockito-inline/5.2.0/3d1dffee9a8a1998ec782383ca2f818848f2d5f1/mockito-inline-5.2.0.jar because:
  Build cache is disabled
Caching disabled for StructureTransformAction: /home/jules/.gradle/caches/modules-2/files-2.1/org.mockito/mockito-core/5.12.0/22f8bbaf478e6789164787fa411a3b5ed986e110/mockito-core-5.12.0.jar because:
  Build cache is disabled
Caching disabled for StructureTransformAction: /home/jules/.gradle/caches/modules-2/files-2.1/org.hamcrest/hamcrest-core/1.3/42a25dc3219429f0e5d060061f71acb49bf010a0/hamcrest-core-1.3.jar because:
  Build cache is disabled
Caching disabled for StructureTransformAction: /home/jules/.gradle/caches/modules-2/files-2.1/net.bytebuddy/byte-buddy/1.14.15/11c9440bc7f9468761e5a82778a05205169d49a9/byte-buddy-1.14.15.jar because:
  Build cache is disabled
Caching disabled for StructureTransformAction: /home/jules/.gradle/caches/modules-2/files-2.1/net.bytebuddy/byte-buddy-agent/1.14.15/b4cc9d88d5de562bf75b3a54ab436ad01b3f72d/byte-buddy-agent-1.14.15.jar because:
  Build cache is disabled
[KOTLIN] Kotlin compilation 'jdkHome' argument: null

Resolve mutations for :app:bundleDebugClassesToRuntimeJar (Thread[#60,Execution worker Thread 3,5,main]) started.
:app:bundleDebugClassesToRuntimeJar (Thread[#60,Execution worker Thread 3,5,main]) started.

> Task :app:bundleDebugClassesToRuntimeJar
Caching disabled for task ':app:bundleDebugClassesToRuntimeJar' because:
  Build cache is disabled
  Caching has been disabled for the task
Task ':app:bundleDebugClassesToRuntimeJar' is not up-to-date because:
  No history is available.
work action resolve classes.jar (project :app) (Thread[#60,Execution worker Thread 3,5,main]) started.
IdentityTransform (Thread[#60,Execution worker Thread 3,5,main]) started.

> Transform classes.jar (project :app) with IdentityTransform
Caching disabled for IdentityTransform: /app/app/build/intermediates/runtime_app_classes_jar/debug/bundleDebugClassesToRuntimeJar/classes.jar because:
  Build cache is disabled
  Caching not enabled.
CopyTransform (Thread[#59,Execution worker Thread 2,5,main]) started.

> Transform classes.jar (project :app) with CopyTransform
Caching disabled for CopyTransform: /app/app/build/intermediates/runtime_app_classes_jar/debug/bundleDebugClassesToRuntimeJar/classes.jar because:
  Build cache is disabled
  Caching not enabled.
AggregatedPackagesTransform (Thread[#59,Execution worker Thread 2,5,main]) started.

> Transform classes.jar (project :app) with AggregatedPackagesTransform
Caching disabled for AggregatedPackagesTransform: /app/app/build/intermediates/runtime_app_classes_jar/debug/bundleDebugClassesToRuntimeJar/classes.jar because:
  Build cache is disabled

> Task :app:kspDebugUnitTestKotlin
i: starting the daemon as: /usr/lib/jvm/java-21-openjdk-amd64/bin/java -cp /home/jules/.gradle/caches/modules-2/files-2.1/org.jetbrains.kotlin/kotlin-compiler-embeddable/2.1.0/988bf980588bbbcfa1ba19c1ffd7aa869b335a31/kotlin-compiler-embeddable-2.1.0.jar:/home/jules/.gradle/caches/modules-2/files-2.1/org.jetbrains.kotlin/kotlin-stdlib/2.1.0/85f8b81009cda5890e54ba67d64b5e599c645020/kotlin-stdlib-2.1.0.jar:/home/jules/.gradle/caches/modules-2/files-2.1/org.jetbrains.kotlin/kotlin-script-runtime/2.1.0/5909da8c57b75a117714ab0e348c86101b7a3284/kotlin-script-runtime-2.1.0.jar:/home/jules/.gradle/caches/modules-2/files-2.1/org.jetbrains.kotlin/kotlin-reflect/1.6.10/1cbe9c92c12a94eea200d23c2bbaedaf3daf5132/kotlin-reflect-1.6.10.jar:/home/jules/.gradle/caches/modules-2/files-2.1/org.jetbrains.kotlin/kotlin-daemon-embeddable/2.1.0/420bae1908e4a353f5b56c3c850d24d86367b25d/kotlin-daemon-embeddable-2.1.0.jar:/home/jules/.gradle/caches/modules-2/files-2.1/org.jetbrains.intellij.deps/trove4j/1.0.20200330/3afb14d5f9ceb459d724e907a21145e8ff394f02/trove4j-1.0.20200330.jar:/home/jules/.gradle/caches/modules-2/files-2.1/org.jetbrains.kotlinx/kotlinx-coroutines-core-jvm/1.6.4/2c997cd1c0ef33f3e751d3831929aeff1390cb30/kotlinx-coroutines-core-jvm-1.6.4.jar:/home/jules/.gradle/caches/modules-2/files-2.1/org.jetbrains/annotations/13.0/919f0dfe192fb4e063e7dacadee7f8bb9a2672a9/annotations-13.0.jar -Djava.awt.headless=true -Djava.rmi.server.hostname=127.0.0.1 -Xmx2048m -XX:ReservedCodeCacheSize=320m -Dkotlin.environment.keepalive -ea -XX:+UseCodeCacheFlushing -XX:+UseParallelGC -Dkotlin.daemon.initiator.marker.file=/tmp/kotlin-compiler-in-ovelcraper-11119561938547912116.alive --add-exports java.base/sun.nio.ch=ALL-UNNAMED org.jetbrains.kotlin.daemon.KotlinCompileDaemon --daemon-runFilesPath /home/jules/.local/share/kotlin/daemon --daemon-autoshutdownIdleSeconds=7200 --daemon-compilerClasspath /home/jules/.gradle/caches/modules-2/files-2.1/org.jetbrains.kotlin/kotlin-compiler-embeddable/2.1.0/988bf980588bbbcfa1ba19c1ffd7aa869b335a31/kotlin-compiler-embeddable-2.1.0.jar:/home/jules/.gradle/caches/modules-2/files-2.1/org.jetbrains.kotlin/kotlin-stdlib/2.1.0/85f8b81009cda5890e54ba67d64b5e599c645020/kotlin-stdlib-2.1.0.jar:/home/jules/.gradle/caches/modules-2/files-2.1/org.jetbrains.kotlin/kotlin-script-runtime/2.1.0/5909da8c57b75a117714ab0e348c86101b7a3284/kotlin-script-runtime-2.1.0.jar:/home/jules/.gradle/caches/modules-2/files-2.1/org.jetbrains.kotlin/kotlin-reflect/1.6.10/1cbe9c92c12a94eea200d23c2bbaedaf3daf5132/kotlin-reflect-1.6.10.jar:/home/jules/.gradle/caches/modules-2/files-2.1/org.jetbrains.kotlin/kotlin-daemon-embeddable/2.1.0/420bae1908e4a353f5b56c3c850d24d86367b25d/kotlin-daemon-embeddable-2.1.0.jar:/home/jules/.gradle/caches/modules-2/files-2.1/org.jetbrains.intellij.deps/trove4j/1.0.20200330/3afb14d5f9ceb459d724e907a21145e8ff394f02/trove4j-1.0.20200330.jar:/home/jules/.gradle/caches/modules-2/files-2.1/org.jetbrains.kotlinx/kotlinx-coroutines-core-jvm/1.6.4/2c997cd1c0ef33f3e751d3831929aeff1390cb30/kotlinx-coroutines-core-jvm-1.6.4.jar:/home/jules/.gradle/caches/modules-2/files-2.1/org.jetbrains/annotations/13.0/919f0dfe192fb4e063e7dacadee7f8bb9a2672a9/annotations-13.0.jar
i: #1 retrying connecting to the daemon
i: [ksp] loaded provider(s): [dagger.hilt.processor.internal.uninstallmodules.KspUninstallModulesProcessor$Provider, dagger.hilt.processor.internal.definecomponent.KspDefineComponentProcessor$Provider, dagger.hilt.android.processor.internal.androidentrypoint.KspAndroidEntryPointProcessor$Provider, dagger.hilt.processor.internal.root.KspRootProcessor$Provider, dagger.hilt.android.processor.internal.viewmodel.KspViewModelProcessor$Provider, dagger.hilt.android.processor.internal.bindvalue.KspBindValueProcessor$Provider, dagger.hilt.processor.internal.root.KspComponentTreeDepsProcessor$Provider, dagger.hilt.processor.internal.aliasof.KspAliasOfProcessor$Provider, dagger.hilt.processor.internal.generatesrootinput.KspGeneratesRootInputProcessor$Provider, dagger.hilt.processor.internal.originatingelement.KspOriginatingElementProcessor$Provider, dagger.hilt.processor.internal.earlyentrypoint.KspEarlyEntryPointProcessor$Provider, dagger.hilt.android.processor.internal.customtestapplication.KspCustomTestApplicationProcessor$Provider, dagger.hilt.processor.internal.aggregateddeps.KspAggregatedDepsProcessor$Provider, androidx.room.RoomKspProcessor$Provider, dagger.internal.codegen.KspComponentProcessor$Provider]
Finished executing kotlin compiler using DAEMON strategy
Resolve mutations for :app:compileDebugUnitTestKotlin (Thread[#58,Execution worker,5,main]) started.
:app:compileDebugUnitTestKotlin (Thread[#58,Execution worker,5,main]) started.

> Task :app:compileDebugUnitTestKotlin
Caching disabled for task ':app:compileDebugUnitTestKotlin' because:
  Build cache is disabled
Task ':app:compileDebugUnitTestKotlin' is not up-to-date because:
  No history is available.
The input changes require a full rebuild for incremental task ':app:compileDebugUnitTestKotlin'.
file or directory '/app/app/src/debugUnitTest/kotlin', not found
file or directory '/app/app/build/generated/ksp/debugUnitTest/java', not found
file or directory '/app/app/src/test/kotlin', not found
file or directory '/app/app/src/test/kotlin', not found
file or directory '/app/app/src/test/kotlin', not found
file or directory '/app/app/src/testDebug/kotlin', not found
file or directory '/app/app/src/testDebug/java', not found
file or directory '/app/app/src/testDebug/kotlin', not found
file or directory '/app/app/src/testDebug/java', not found
file or directory '/app/app/src/testDebug/kotlin', not found
file or directory '/app/app/src/testDebug/java', not found
file or directory '/app/app/src/testDebug/java', not found
file or directory '/app/app/build/generated/ksp/debugUnitTest/java', not found
file or directory '/app/app/src/debugUnitTest/kotlin', not found
file or directory '/app/app/build/generated/ksp/debugUnitTest/java', not found
file or directory '/app/app/src/test/kotlin', not found
file or directory '/app/app/src/debugUnitTest/kotlin', not found
file or directory '/app/app/build/generated/ksp/debugUnitTest/java', not found
file or directory '/app/app/src/test/kotlin', not found
file or directory '/app/app/src/test/kotlin', not found
file or directory '/app/app/src/test/kotlin', not found
file or directory '/app/app/src/testDebug/kotlin', not found
file or directory '/app/app/src/testDebug/java', not found
file or directory '/app/app/src/testDebug/kotlin', not found
file or directory '/app/app/src/testDebug/java', not found
file or directory '/app/app/src/testDebug/kotlin', not found
file or directory '/app/app/src/testDebug/java', not found
file or directory '/app/app/src/testDebug/java', not found
file or directory '/app/app/build/generated/ksp/debugUnitTest/java', not found
file or directory '/app/app/src/debugUnitTest/kotlin', not found
file or directory '/app/app/build/generated/ksp/debugUnitTest/java', not found
file or directory '/app/app/src/test/kotlin', not found
file or directory '/app/app/src/test/kotlin', not found
file or directory '/app/app/src/test/kotlin', not found
file or directory '/app/app/src/testDebug/kotlin', not found
file or directory '/app/app/src/testDebug/java', not found
file or directory '/app/app/src/testDebug/kotlin', not found
file or directory '/app/app/src/testDebug/java', not found
file or directory '/app/app/src/testDebug/kotlin', not found
file or directory '/app/app/src/testDebug/java', not found
file or directory '/app/app/src/testDebug/java', not found
file or directory '/app/app/build/generated/ksp/debugUnitTest/java', not found
file or directory '/app/app/src/debugUnitTest/kotlin', not found
file or directory '/app/app/build/generated/ksp/debugUnitTest/java', not found
file or directory '/app/app/src/test/kotlin', not found
file or directory '/app/app/src/test/kotlin', not found
file or directory '/app/app/src/test/kotlin', not found
file or directory '/app/app/src/testDebug/kotlin', not found
file or directory '/app/app/src/testDebug/java', not found
file or directory '/app/app/src/testDebug/kotlin', not found
file or directory '/app/app/src/testDebug/java', not found
file or directory '/app/app/src/testDebug/kotlin', not found
file or directory '/app/app/src/testDebug/java', not found
file or directory '/app/app/src/testDebug/java', not found
file or directory '/app/app/build/generated/ksp/debugUnitTest/java', not found
Kotlin source files: /app/app/src/test/java/io/aatricks/novelscraper/data/repository/ContentRepositoryConcurrencyTest.kt, /app/app/src/test/java/io/aatricks/novelscraper/data/repository/ContentRepositoryBenchmarkTest.kt, /app/app/src/test/java/io/aatricks/novelscraper/data/repository/ExploreRepositoryTest.kt, /app/app/src/test/java/io/aatricks/novelscraper/data/repository/ContentRepositoryUrlTest.kt, /app/app/src/test/java/io/aatricks/novelscraper/data/repository/LibraryRepositoryBenchmarkTest.kt, /app/app/src/test/java/io/aatricks/novelscraper/data/repository/LibraryRepositoryTest.kt, /app/app/src/test/java/io/aatricks/novelscraper/data/repository/source/NovelFireSourceTest.kt, /app/app/src/test/java/io/aatricks/novelscraper/data/repository/source/NovelFireSourceConcurrencyTest.kt, /app/app/src/test/java/io/aatricks/novelscraper/data/repository/source/BaseJsoupSourceSecurityTest.kt, /app/app/src/test/java/io/aatricks/novelscraper/data/repository/source/MangaBatSourceTest.kt, /app/app/src/test/java/io/aatricks/novelscraper/data/repository/LibraryRepositoryUpdateTest.kt, /app/app/src/test/java/io/aatricks/novelscraper/data/repository/ContentRepositoryTest.kt, /app/app/src/test/java/io/aatricks/novelscraper/data/repository/ContentRepositoryEpubTest.kt, /app/app/src/test/java/io/aatricks/novelscraper/util/TextUtilsTest.kt, /app/app/src/test/java/io/aatricks/novelscraper/util/TextUtilsBenchmarkTest.kt, /app/app/src/test/java/io/aatricks/novelscraper/util/UrlSecurityTest.kt, /app/app/src/test/java/io/aatricks/novelscraper/util/SafeRedirectInterceptorTest.kt, /app/app/src/test/java/io/aatricks/novelscraper/util/WebViewUtilsTest.kt, /app/app/src/test/java/io/aatricks/novelscraper/ExampleUnitTest.kt, /app/app/src/test/java/io/aatricks/novelscraper/ui/screens/ReaderScreenPrefetchTest.kt, /app/app/src/test/java/io/aatricks/novelscraper/ui/viewmodel/ReaderViewModelTest.kt, /app/app/src/test/java/io/aatricks/novelscraper/ui/viewmodel/ReaderViewModelNavigationTest.kt, /app/app/src/test/java/io/aatricks/novelscraper/ui/viewmodel/ReaderViewModelSecurityTest.kt, /app/app/src/test/java/io/aatricks/novelscraper/ui/viewmodel/LibraryViewModelTest.kt
Java source files:
Script source files:
Script file extensions:
Using Kotlin/JVM incremental compilation
[KOTLIN] Kotlin compilation 'jdkHome' argument: null
Options for KOTLIN DAEMON: IncrementalCompilationOptions(super=CompilationOptions(compilerMode=INCREMENTAL_COMPILER, targetPlatform=JVM, reportCategories=[0, 3], reportSeverity=2, requestedCompilationResults=[0], kotlinScriptExtensions=[]), areFileChangesKnown=false, modifiedFiles=null, deletedFiles=null, classpathChanges=NotAvailableForNonIncrementalRun, workingDir=/app/app/build/kotlin/compileDebugUnitTestKotlin/cacheable, multiModuleICSettings=MultiModuleICSettings(buildHistoryFile=/app/app/build/kotlin/compileDebugUnitTestKotlin/local-state/build-history.bin, useModuleDetection=true), usePreciseJavaTracking=true, icFeatures=IncrementalCompilationFeatures(withAbiSnapshot=false, preciseCompilationResultsBackup=true, keepIncrementalCompilationCachesInMemory=true, enableUnsafeIncrementalCompilationForMultiplatform=false), outputFiles=[/app/app/build/tmp/kotlin-classes/debugUnitTest, /app/app/build/kotlin/compileDebugUnitTestKotlin/cacheable, /app/app/build/kotlin/compileDebugUnitTestKotlin/local-state])
w: file:///app/app/src/test/java/io/aatricks/novelscraper/data/repository/ContentRepositoryEpubTest.kt:43:19 'fun createTempDir(prefix: String = ..., suffix: String? = ..., directory: File? = ...): File' is deprecated. Avoid creating temporary directories in the default temp location with this function due to too wide permissions on the newly created directory. Use kotlin.io.path.createTempDirectory instead.
Finished executing kotlin compiler using DAEMON strategy
Resolve mutations for :app:compileDebugUnitTestJavaWithJavac (Thread[#58,Execution worker,5,main]) started.
:app:compileDebugUnitTestJavaWithJavac (Thread[#58,Execution worker,5,main]) started.

> Task :app:compileDebugUnitTestJavaWithJavac NO-SOURCE
Skipping task ':app:compileDebugUnitTestJavaWithJavac' as it has no source files and no previous output files.
Resolve mutations for :app:hiltAggregateDepsDebugUnitTest (Thread[#58,Execution worker,5,main]) started.
:app:hiltAggregateDepsDebugUnitTest (Thread[#58,Execution worker,5,main]) started.

> Task :app:hiltAggregateDepsDebugUnitTest
Caching disabled for CopyTransform: /home/jules/.gradle/caches/modules-2/files-2.1/org.mockito.kotlin/mockito-kotlin/5.4.0/d2be6a10761fdc7ba5c4277b29054bb639cab0ca/mockito-kotlin-5.4.0.jar because:
  Build cache is disabled
  Caching not enabled.
Caching disabled for CopyTransform: /home/jules/.gradle/caches/modules-2/files-2.1/org.mockito/mockito-inline/5.2.0/3d1dffee9a8a1998ec782383ca2f818848f2d5f1/mockito-inline-5.2.0.jar because:
  Build cache is disabled
  Caching not enabled.
Caching disabled for CopyTransform: /home/jules/.gradle/caches/modules-2/files-2.1/org.mockito/mockito-core/5.12.0/22f8bbaf478e6789164787fa411a3b5ed986e110/mockito-core-5.12.0.jar because:
  Build cache is disabled
  Caching not enabled.
Caching disabled for CopyTransform: /home/jules/.gradle/caches/modules-2/files-2.1/junit/junit/4.13.2/8ac9e16d933b6fb43bc7f576336b8f4d7eb5ba12/junit-4.13.2.jar because:
  Build cache is disabled
  Caching not enabled.
Caching disabled for AggregatedPackagesTransform: /home/jules/.gradle/caches/modules-2/files-2.1/org.mockito/mockito-inline/5.2.0/3d1dffee9a8a1998ec782383ca2f818848f2d5f1/mockito-inline-5.2.0.jar because:
  Build cache is disabled
Caching disabled for AggregatedPackagesTransform: /home/jules/.gradle/caches/modules-2/files-2.1/org.mockito/mockito-core/5.12.0/22f8bbaf478e6789164787fa411a3b5ed986e110/mockito-core-5.12.0.jar because:
  Build cache is disabled
Caching disabled for AggregatedPackagesTransform: /home/jules/.gradle/caches/modules-2/files-2.1/org.mockito.kotlin/mockito-kotlin/5.4.0/d2be6a10761fdc7ba5c4277b29054bb639cab0ca/mockito-kotlin-5.4.0.jar because:
  Build cache is disabled
Caching disabled for CopyTransform: /home/jules/.gradle/caches/modules-2/files-2.1/org.jetbrains.kotlinx/kotlinx-coroutines-test-jvm/1.9.0/7227c0691a604e2b32f525b628014dda862d0eed/kotlinx-coroutines-test-jvm-1.9.0.jar because:
  Build cache is disabled
  Caching not enabled.
Caching disabled for AggregatedPackagesTransform: /home/jules/.gradle/caches/modules-2/files-2.1/junit/junit/4.13.2/8ac9e16d933b6fb43bc7f576336b8f4d7eb5ba12/junit-4.13.2.jar because:
  Build cache is disabled
Caching disabled for AggregatedPackagesTransform: /home/jules/.gradle/caches/modules-2/files-2.1/org.jetbrains.kotlinx/kotlinx-coroutines-test-jvm/1.9.0/7227c0691a604e2b32f525b628014dda862d0eed/kotlinx-coroutines-test-jvm-1.9.0.jar because:
  Build cache is disabled
Caching disabled for CopyTransform: /home/jules/.gradle/caches/modules-2/files-2.1/org.hamcrest/hamcrest-core/1.3/42a25dc3219429f0e5d060061f71acb49bf010a0/hamcrest-core-1.3.jar because:
  Build cache is disabled
  Caching not enabled.
Caching disabled for AggregatedPackagesTransform: /home/jules/.gradle/caches/modules-2/files-2.1/org.hamcrest/hamcrest-core/1.3/42a25dc3219429f0e5d060061f71acb49bf010a0/hamcrest-core-1.3.jar because:
  Build cache is disabled
Caching disabled for CopyTransform: /home/jules/.gradle/caches/modules-2/files-2.1/net.bytebuddy/byte-buddy/1.14.15/11c9440bc7f9468761e5a82778a05205169d49a9/byte-buddy-1.14.15.jar because:
  Build cache is disabled
  Caching not enabled.
Caching disabled for AggregatedPackagesTransform: /home/jules/.gradle/caches/modules-2/files-2.1/net.bytebuddy/byte-buddy/1.14.15/11c9440bc7f9468761e5a82778a05205169d49a9/byte-buddy-1.14.15.jar because:
  Build cache is disabled
Caching disabled for CopyTransform: /home/jules/.gradle/caches/modules-2/files-2.1/net.bytebuddy/byte-buddy-agent/1.14.15/b4cc9d88d5de562bf75b3a54ab436ad01b3f72d/byte-buddy-agent-1.14.15.jar because:
  Build cache is disabled
  Caching not enabled.
Caching disabled for AggregatedPackagesTransform: /home/jules/.gradle/caches/modules-2/files-2.1/net.bytebuddy/byte-buddy-agent/1.14.15/b4cc9d88d5de562bf75b3a54ab436ad01b3f72d/byte-buddy-agent-1.14.15.jar because:
  Build cache is disabled
Downloading https://repo.maven.apache.org/maven2/org/jetbrains/kotlin/kotlin-reflect/1.9.20/kotlin-reflect-1.9.20.jar to /home/jules/.gradle/.tmp/gradle_download17688849466014352021bin
Downloading https://repo.maven.apache.org/maven2/org/objenesis/objenesis/3.3/objenesis-3.3.jar to /home/jules/.gradle/.tmp/gradle_download13584953747974258799bin
Caching disabled for IdentityTransform: /home/jules/.gradle/caches/modules-2/files-2.1/org.objenesis/objenesis/3.3/1049c09f1de4331e8193e579448d0916d75b7631/objenesis-3.3.jar because:
  Build cache is disabled
  Caching not enabled.
Caching disabled for CopyTransform: /home/jules/.gradle/caches/modules-2/files-2.1/org.objenesis/objenesis/3.3/1049c09f1de4331e8193e579448d0916d75b7631/objenesis-3.3.jar because:
  Build cache is disabled
  Caching not enabled.
Caching disabled for AggregatedPackagesTransform: /home/jules/.gradle/caches/modules-2/files-2.1/org.objenesis/objenesis/3.3/1049c09f1de4331e8193e579448d0916d75b7631/objenesis-3.3.jar because:
  Build cache is disabled
Caching disabled for IdentityTransform: /home/jules/.gradle/caches/modules-2/files-2.1/org.jetbrains.kotlin/kotlin-reflect/1.9.20/34eeb4eed5f493cdbb760ef50a5653ec414006bf/kotlin-reflect-1.9.20.jar because:
  Build cache is disabled
  Caching not enabled.
Caching disabled for CopyTransform: /home/jules/.gradle/caches/modules-2/files-2.1/org.jetbrains.kotlin/kotlin-reflect/1.9.20/34eeb4eed5f493cdbb760ef50a5653ec414006bf/kotlin-reflect-1.9.20.jar because:
  Build cache is disabled
  Caching not enabled.
Caching disabled for AggregatedPackagesTransform: /home/jules/.gradle/caches/modules-2/files-2.1/org.jetbrains.kotlin/kotlin-reflect/1.9.20/34eeb4eed5f493cdbb760ef50a5653ec414006bf/kotlin-reflect-1.9.20.jar because:
  Build cache is disabled
file or directory '/app/app/build/generated/ksp/debugUnitTest/classes', not found
Caching disabled for IdentityTransform: /app/app/build/intermediates/compile_app_classes_jar/debug/bundleDebugClassesToCompileJar/classes.jar because:
  Build cache is disabled
  Caching not enabled.
Caching disabled for CopyTransform: /app/app/build/intermediates/compile_app_classes_jar/debug/bundleDebugClassesToCompileJar/classes.jar because:
  Build cache is disabled
  Caching not enabled.
Caching disabled for AggregatedPackagesTransform: /app/app/build/intermediates/compile_app_classes_jar/debug/bundleDebugClassesToCompileJar/classes.jar because:
  Build cache is disabled
Caching disabled for CopyTransform: /app/app/build/tmp/kotlin-classes/debugUnitTest because:
  Build cache is disabled
  Caching not enabled.
Caching disabled for AggregatedPackagesTransform: /app/app/build/tmp/kotlin-classes/debugUnitTest because:
  Build cache is disabled
Caching disabled for task ':app:hiltAggregateDepsDebugUnitTest' because:
  Build cache is disabled
Task ':app:hiltAggregateDepsDebugUnitTest' is not up-to-date because:
  No history is available.
The input changes require a full rebuild for incremental task ':app:hiltAggregateDepsDebugUnitTest'.
Resolve mutations for :app:hiltJavaCompileDebugUnitTest (Thread[#58,Execution worker,5,main]) started.
:app:hiltJavaCompileDebugUnitTest (Thread[#58,Execution worker,5,main]) started.

> Task :app:hiltJavaCompileDebugUnitTest NO-SOURCE
Skipping task ':app:hiltJavaCompileDebugUnitTest' as it has no source files and no previous output files.
Resolve mutations for :app:processDebugUnitTestJavaRes (Thread[#58,Execution worker,5,main]) started.
:app:processDebugUnitTestJavaRes (Thread[#58,Execution worker,5,main]) started.

> Task :app:processDebugUnitTestJavaRes
file or directory '/app/app/src/test/resources', not found
file or directory '/app/app/src/testDebug/resources', not found
file or directory '/app/app/build/generated/ksp/debugUnitTest/classes', not found
file or directory '/app/app/build/generated/ksp/debugUnitTest/classes', not found
file or directory '/app/app/src/test/resources', not found
file or directory '/app/app/src/testDebug/resources', not found
file or directory '/app/app/build/generated/ksp/debugUnitTest/classes', not found
file or directory '/app/app/build/generated/ksp/debugUnitTest/classes', not found
Caching disabled for task ':app:processDebugUnitTestJavaRes' because:
  Build cache is disabled
  Caching has been disabled for the task
Task ':app:processDebugUnitTestJavaRes' is not up-to-date because:
  No history is available.
file or directory '/app/app/src/test/resources', not found
file or directory '/app/app/src/testDebug/resources', not found
file or directory '/app/app/build/generated/ksp/debugUnitTest/classes', not found
file or directory '/app/app/build/generated/ksp/debugUnitTest/classes', not found
file or directory '/app/app/src/test/resources', not found
file or directory '/app/app/src/testDebug/resources', not found
file or directory '/app/app/build/intermediates/hilt/component_classes/debugUnitTest', not found
file or directory '/app/app/build/generated/ksp/debugUnitTest/resources', not found
Resolve mutations for :app:transformDebugUnitTestClassesWithAsm (Thread[#58,Execution worker,5,main]) started.
:app:transformDebugUnitTestClassesWithAsm (Thread[#58,Execution worker,5,main]) started.

> Task :app:transformDebugUnitTestClassesWithAsm
file or directory '/app/app/build/generated/ksp/debugUnitTest/classes', not found
file or directory '/app/app/build/generated/ksp/debugUnitTest/classes', not found
Caching disabled for task ':app:transformDebugUnitTestClassesWithAsm' because:
  Build cache is disabled
Task ':app:transformDebugUnitTestClassesWithAsm' is not up-to-date because:
  No history is available.
The input changes require a full rebuild for incremental task ':app:transformDebugUnitTestClassesWithAsm'.
Resolve mutations for :app:testDebugUnitTest (Thread[#58,Execution worker,5,main]) started.
:app:testDebugUnitTest (Thread[#58,Execution worker,5,main]) started.

> Task :app:testDebugUnitTest
Caching disabled for AarTransform: /home/jules/.gradle/caches/8.13/transforms/e7abebeba75d46301c960ddf695569b7/transformed/llmedge-release because:
  Build cache is disabled
  Caching not enabled.
Caching disabled for AarTransform: /home/jules/.gradle/caches/8.13/transforms/fb2a32d4b51f9b90a35154fa8e3c84bd/transformed/room-ktx-2.7.0-alpha12 because:
  Build cache is disabled
  Caching not enabled.
Caching disabled for AarTransform: /home/jules/.gradle/caches/8.13/transforms/35256b51b8705ef6e805387ba9d24fca/transformed/hilt-navigation-compose-1.2.0 because:
  Build cache is disabled
  Caching not enabled.
Caching disabled for AarTransform: /home/jules/.gradle/caches/8.13/transforms/abb1fb1a8d5e4c8eb7a74cd8e01fd583/transformed/room-runtime-release because:
  Build cache is disabled
  Caching not enabled.
Caching disabled for AarTransform: /home/jules/.gradle/caches/8.13/transforms/7e05e659d1c6dd3a2870aa6c0f5ca2b3/transformed/hilt-android-2.54 because:
  Build cache is disabled
  Caching not enabled.
Caching disabled for AarTransform: /home/jules/.gradle/caches/8.13/transforms/c996c75a04e97943a6703c67f5af75d9/transformed/hilt-navigation-1.2.0 because:
  Build cache is disabled
  Caching not enabled.
Caching disabled for AarTransform: /home/jules/.gradle/caches/8.13/transforms/1b9b93dcb39a20f368fee1345d430b87/transformed/navigation-common-2.8.5 because:
  Build cache is disabled
  Caching not enabled.
Caching disabled for AarTransform: /home/jules/.gradle/caches/8.13/transforms/6dc794c8801afb5d55a4bb9cf9eae3d5/transformed/fragment-1.5.1 because:
  Build cache is disabled
  Caching not enabled.
Caching disabled for AarTransform: /home/jules/.gradle/caches/8.13/transforms/22c0b2ff24fc37c1520207fa74cf5717/transformed/navigation-common-ktx-2.8.5 because:
  Build cache is disabled
  Caching not enabled.
Caching disabled for AarTransform: /home/jules/.gradle/caches/8.13/transforms/8890a99b42e3a21a3c5ac606dd913694/transformed/navigation-runtime-ktx-2.8.5 because:
  Build cache is disabled
  Caching not enabled.
Caching disabled for AarTransform: /home/jules/.gradle/caches/8.13/transforms/f301b3e90e86a9b11b8c767c92b80be1/transformed/navigation-runtime-2.8.5 because:
  Build cache is disabled
  Caching not enabled.
Caching disabled for AarTransform: /home/jules/.gradle/caches/8.13/transforms/ee9d2dae485c6a64ab2883394f507c7b/transformed/navigation-compose-2.8.5 because:
  Build cache is disabled
  Caching not enabled.
Caching disabled for AarTransform: /home/jules/.gradle/caches/8.13/transforms/6184f15d143a5b72af63fcb7c73073a3/transformed/material3-release because:
  Build cache is disabled
  Caching not enabled.
Caching disabled for AarTransform: /home/jules/.gradle/caches/8.13/transforms/d91f9dea0631bee3bdbb7fac470bed8c/transformed/ui-tooling-data because:
  Build cache is disabled
  Caching not enabled.
Caching disabled for AarTransform: /home/jules/.gradle/caches/8.13/transforms/7c7d0621d5e8ee997983281c4f1e804c/transformed/loader-1.0.0 because:
  Build cache is disabled
  Caching not enabled.
Caching disabled for AarTransform: /home/jules/.gradle/caches/8.13/transforms/0a6a9692241b8c71c9b3ca6d18a00d11/transformed/ui-tooling-preview because:
  Build cache is disabled
  Caching not enabled.
Caching disabled for AarTransform: /home/jules/.gradle/caches/8.13/transforms/0d0b22c093a65bfa0b6c250028c554d7/transformed/coil-compose-release because:
  Build cache is disabled
  Caching not enabled.
Caching disabled for AarTransform: /home/jules/.gradle/caches/8.13/transforms/c2cf0612d007b619e3fdd6b0354eaa3c/transformed/coil-compose-core-release because:
  Build cache is disabled
  Caching not enabled.
Caching disabled for AarTransform: /home/jules/.gradle/caches/8.13/transforms/6aa6d53764b9fc8e4c07c1127ec6d917/transformed/foundation-release because:
  Build cache is disabled
  Caching not enabled.
Caching disabled for AarTransform: /home/jules/.gradle/caches/8.13/transforms/8819b5cd1bda05817932a6323336ace4/transformed/foundation-layout because:
  Build cache is disabled
  Caching not enabled.
Caching disabled for AarTransform: /home/jules/.gradle/caches/8.13/transforms/d7bb01d5851071fd60688b7ea0f241bc/transformed/animation-core because:
  Build cache is disabled
  Caching not enabled.
Caching disabled for AarTransform: /home/jules/.gradle/caches/8.13/transforms/0f15569ef13c1a1689a4d8e94f4a316d/transformed/ui-util because:
  Build cache is disabled
  Caching not enabled.
Caching disabled for AarTransform: /home/jules/.gradle/caches/8.13/transforms/b59958215c75c4746e4b1d67ab896265/transformed/animation because:
  Build cache is disabled
  Caching not enabled.
Caching disabled for AarTransform: /home/jules/.gradle/caches/8.13/transforms/0bbd6873cf64e3cc6bf6d7fca9200a57/transformed/ui-unit because:
  Build cache is disabled
  Caching not enabled.
Caching disabled for AarTransform: /home/jules/.gradle/caches/8.13/transforms/0de3513bbaec075769903714a643c75e/transformed/ui-text because:
  Build cache is disabled
  Caching not enabled.
Caching disabled for AarTransform: /home/jules/.gradle/caches/8.13/transforms/39f96c989ea266578690d993094a9ab1/transformed/ui-graphics-release because:
  Build cache is disabled
  Caching not enabled.
Caching disabled for AarTransform: /home/jules/.gradle/caches/8.13/transforms/b1f98854a8323448c398d0d8140397b1/transformed/ui-geometry because:
  Build cache is disabled
  Caching not enabled.
Caching disabled for AarTransform: /home/jules/.gradle/caches/8.13/transforms/4632b87ef4090860f4f53b45da1b13cd/transformed/ui-test-manifest-1.9.0 because:
  Build cache is disabled
  Caching not enabled.
Caching disabled for AarTransform: /home/jules/.gradle/caches/8.13/transforms/737a10abef6ae06febfb45ef1ae4c7d6/transformed/ui-tooling because:
  Build cache is disabled
  Caching not enabled.
Caching disabled for AarTransform: /home/jules/.gradle/caches/8.13/transforms/14d242f5020788f69cef9c9bf2e7aa6f/transformed/material-ripple-release because:
  Build cache is disabled
  Caching not enabled.
Caching disabled for AarTransform: /home/jules/.gradle/caches/8.13/transforms/063c0cc43fd234f0a9ca107216830ec9/transformed/savedstate-ktx-1.3.1 because:
  Build cache is disabled
  Caching not enabled.
Caching disabled for AarTransform: /home/jules/.gradle/caches/8.13/transforms/646a4ac1155ae4d5a7b479eaa7e8d9fc/transformed/material-release because:
  Build cache is disabled
  Caching not enabled.
Caching disabled for AarTransform: /home/jules/.gradle/caches/8.13/transforms/7a71437c4a065ba6a117682bcb37a30e/transformed/savedstate-release because:
  Build cache is disabled
  Caching not enabled.
Caching disabled for AarTransform: /home/jules/.gradle/caches/8.13/transforms/e61fe43f49d701bd4a0d8cc6d26fb31a/transformed/savedstate-compose-release because:
  Build cache is disabled
  Caching not enabled.
Caching disabled for AarTransform: /home/jules/.gradle/caches/8.13/transforms/bf9d60953e75015ae6a1cadca18d9a0b/transformed/runtime because:
  Build cache is disabled
  Caching not enabled.
Caching disabled for AarTransform: /home/jules/.gradle/caches/8.13/transforms/3eed1218cbf348e6ceda2a660918dcb2/transformed/runtime-annotation because:
  Build cache is disabled
  Caching not enabled.
Caching disabled for AarTransform: /home/jules/.gradle/caches/8.13/transforms/7c1e06e6b79e7b93d51f000c466cf32e/transformed/runtime-saveable because:
  Build cache is disabled
  Caching not enabled.
Caching disabled for AarTransform: /home/jules/.gradle/caches/8.13/transforms/71cd533dea96cd5d08cc32c86a2c7a61/transformed/emoji2-1.4.0 because:
  Build cache is disabled
  Caching not enabled.
Caching disabled for AarTransform: /home/jules/.gradle/caches/8.13/transforms/1c565d95590cc294ca49ba7f03ae6e82/transformed/lifecycle-process-2.9.4 because:
  Build cache is disabled
  Caching not enabled.
Caching disabled for AarTransform: /home/jules/.gradle/caches/8.13/transforms/c12bc1830dd68695968c607106340730/transformed/lifecycle-runtime-compose-release because:
  Build cache is disabled
  Caching not enabled.
Caching disabled for AarTransform: /home/jules/.gradle/caches/8.13/transforms/df5efb9d09783b0537ad47f3e516e456/transformed/lifecycle-livedata-core-ktx-2.9.4 because:
  Build cache is disabled
  Caching not enabled.
Caching disabled for AarTransform: /home/jules/.gradle/caches/8.13/transforms/886aba34bdf0b604d6529b7f155f5619/transformed/lifecycle-livedata-2.9.4 because:
  Build cache is disabled
  Caching not enabled.
Caching disabled for AarTransform: /home/jules/.gradle/caches/8.13/transforms/7905ae57f3f9dff59992fd7ecf877816/transformed/lifecycle-viewmodel-release because:
  Build cache is disabled
  Caching not enabled.
Caching disabled for AarTransform: /home/jules/.gradle/caches/8.13/transforms/609a2fff6231a925c1ae07dae8fb6ed6/transformed/lifecycle-viewmodel-ktx-2.9.4 because:
  Build cache is disabled
  Caching not enabled.
Caching disabled for AarTransform: /home/jules/.gradle/caches/8.13/transforms/ccf8ee515dfc19e4193af614ea016d62/transformed/lifecycle-viewmodel-2.9.4 because:
  Build cache is disabled
  Caching not enabled.
Caching disabled for AarTransform: /home/jules/.gradle/caches/8.13/transforms/884051ebecf01fb497100b34878c24e7/transformed/lifecycle-viewmodel-savedstate-release because:
  Build cache is disabled
  Caching not enabled.
Caching disabled for AarTransform: /home/jules/.gradle/caches/8.13/transforms/764646e5c7d009c0a2c5d8caff225319/transformed/coil-release because:
  Build cache is disabled
  Caching not enabled.
Caching disabled for AarTransform: /home/jules/.gradle/caches/8.13/transforms/30a44e23882f2358ae70760d7acb6474/transformed/coil-network-core-release because:
  Build cache is disabled
  Caching not enabled.
Caching disabled for AarTransform: /home/jules/.gradle/caches/8.13/transforms/359f5a1c0657c1f1afe19ef6449d8d1f/transformed/customview-poolingcontainer-1.0.0 because:
  Build cache is disabled
  Caching not enabled.
Caching disabled for AarTransform: /home/jules/.gradle/caches/8.13/transforms/fc182ebfeb0e8f8b2da58f60de48a683/transformed/coil-core-release because:
  Build cache is disabled
  Caching not enabled.
Caching disabled for AarTransform: /home/jules/.gradle/caches/8.13/transforms/42d4b0737e4c7a69dcc5a9b8fcdf8917/transformed/core-ktx-1.17.0 because:
  Build cache is disabled
  Caching not enabled.
Caching disabled for AarTransform: /home/jules/.gradle/caches/8.13/transforms/88821040d2d72a9d85e7c97c790f9f79/transformed/viewpager-1.0.0 because:
  Build cache is disabled
  Caching not enabled.
Caching disabled for AarTransform: /home/jules/.gradle/caches/8.13/transforms/e3567f02f4608a051c0ec926731fe304/transformed/customview-1.0.0 because:
  Build cache is disabled
  Caching not enabled.
Caching disabled for AarTransform: /home/jules/.gradle/caches/8.13/transforms/0fa2cf4c9d0b2917b1c8f55de3f7293c/transformed/appcompat-resources-1.7.0 because:
  Build cache is disabled
  Caching not enabled.
Caching disabled for AarTransform: /home/jules/.gradle/caches/8.13/transforms/57f9b900cee104d881c43c030d9b1de3/transformed/vectordrawable-animated-1.1.0 because:
  Build cache is disabled
  Caching not enabled.
Caching disabled for AarTransform: /home/jules/.gradle/caches/8.13/transforms/fca2f8e6c455185ee7706672a33ada46/transformed/vectordrawable-1.1.0 because:
  Build cache is disabled
  Caching not enabled.
Caching disabled for AarTransform: /home/jules/.gradle/caches/8.13/transforms/04981395abe87705f5282f7ca017320b/transformed/autofill-1.0.0 because:
  Build cache is disabled
  Caching not enabled.
Caching disabled for AarTransform: /home/jules/.gradle/caches/8.13/transforms/53c339c91fa00790ca203a864b175eee/transformed/graphics-path-1.0.1 because:
  Build cache is disabled
  Caching not enabled.
Caching disabled for AarTransform: /home/jules/.gradle/caches/8.13/transforms/2668bb0265dbb8c75815bcad257bc0b0/transformed/core-1.17.0 because:
  Build cache is disabled
  Caching not enabled.
Caching disabled for AarTransform: /home/jules/.gradle/caches/8.13/transforms/79712d7d90be16ceee200d4f59967c39/transformed/lifecycle-viewmodel-compose-release because:
  Build cache is disabled
  Caching not enabled.
Caching disabled for AarTransform: /home/jules/.gradle/caches/8.13/transforms/aaebc760584bb8ca2537b676061ce3e2/transformed/material-icons-extended-release because:
  Build cache is disabled
  Caching not enabled.
Caching disabled for AarTransform: /home/jules/.gradle/caches/8.13/transforms/19e9a22f0e44d7508873a5c64f8cc852/transformed/accompanist-drawablepainter-0.36.0 because:
  Build cache is disabled
  Caching not enabled.
Caching disabled for AarTransform: /home/jules/.gradle/caches/8.13/transforms/0ef6b78beceda888c1d03f7947d1b79a/transformed/material-icons-core-release because:
  Build cache is disabled
  Caching not enabled.
Caching disabled for AarTransform: /home/jules/.gradle/caches/8.13/transforms/94c129bef444a4902eb6abe258984574/transformed/activity-ktx-1.11.0 because:
  Build cache is disabled
  Caching not enabled.
Caching disabled for AarTransform: /home/jules/.gradle/caches/8.13/transforms/63b9ba62c3d6d07d3825814247295731/transformed/ui-release because:
  Build cache is disabled
  Caching not enabled.
Caching disabled for AarTransform: /home/jules/.gradle/caches/8.13/transforms/05fc390e750a6c6d4e24a1b1b5be4269/transformed/activity-1.11.0 because:
  Build cache is disabled
  Caching not enabled.
Caching disabled for AarTransform: /home/jules/.gradle/caches/8.13/transforms/3bfaac2e48edfdf64a553b23ef3a6807/transformed/lifecycle-runtime-release because:
  Build cache is disabled
  Caching not enabled.
Caching disabled for AarTransform: /home/jules/.gradle/caches/8.13/transforms/4d5cbccc6789830091c7a3c8be9b6cb3/transformed/activity-compose-1.11.0 because:
  Build cache is disabled
  Caching not enabled.
Caching disabled for AarTransform: /home/jules/.gradle/caches/8.13/transforms/548f715b7f9aafb4d5f6cd4dcbbccdd7/transformed/lifecycle-livedata-core-2.9.4 because:
  Build cache is disabled
  Caching not enabled.
Caching disabled for AarTransform: /home/jules/.gradle/caches/8.13/transforms/34884237b9ab0ad0e10aef9e9c15ee58/transformed/lifecycle-runtime-ktx because:
  Build cache is disabled
  Caching not enabled.
Caching disabled for AarTransform: /home/jules/.gradle/caches/8.13/transforms/e58bf707ecd1122e6f8e8f8a0da1f39d/transformed/annotation-experimental-1.4.1 because:
  Build cache is disabled
  Caching not enabled.
Caching disabled for AarTransform: /home/jules/.gradle/caches/8.13/transforms/96bb90f18571ee984c2a45d72dfa0a2a/transformed/core-viewtree-1.0.0 because:
  Build cache is disabled
  Caching not enabled.
Caching disabled for AarTransform: /home/jules/.gradle/caches/8.13/transforms/7fb95e53d4cf3bdda344697bdfd40442/transformed/interpolator-1.0.0 because:
  Build cache is disabled
  Caching not enabled.
Caching disabled for AarTransform: /home/jules/.gradle/caches/8.13/transforms/f2511e377e0cdd3e5e01d8e5c6c668f9/transformed/tracing-1.2.0 because:
  Build cache is disabled
  Caching not enabled.
Caching disabled for AarTransform: /home/jules/.gradle/caches/8.13/transforms/35dce76a7fc2b887e780defad00a0b87/transformed/startup-runtime-1.1.1 because:
  Build cache is disabled
  Caching not enabled.
Caching disabled for AarTransform: /home/jules/.gradle/caches/8.13/transforms/1ebe41791a93de742846d7ff38310f93/transformed/profileinstaller-1.4.1 because:
  Build cache is disabled
  Caching not enabled.
Caching disabled for AarTransform: /home/jules/.gradle/caches/8.13/transforms/3362ff4e0f8d8a8fa75d075462db74fe/transformed/versionedparcelable-1.1.1 because:
  Build cache is disabled
  Caching not enabled.
Caching disabled for AarTransform: /home/jules/.gradle/caches/8.13/transforms/e48647c910be997c109e068831af4a7f/transformed/core-runtime-2.2.0 because:
  Build cache is disabled
  Caching not enabled.
Caching disabled for AarTransform: /home/jules/.gradle/caches/8.13/transforms/4b50b7f92d18098cc52d2a18c17cfc18/transformed/sqlite-framework because:
  Build cache is disabled
  Caching not enabled.
Caching disabled for AarTransform: /home/jules/.gradle/caches/8.13/transforms/b76df7a3d6f8a702067cfb11f886fcf1/transformed/sqlite because:
  Build cache is disabled
  Caching not enabled.
Caching disabled for AarTransform: /home/jules/.gradle/caches/8.13/transforms/2173215bb33cb1d202fdac5c814efcf1/transformed/exifinterface-1.3.7 because:
  Build cache is disabled
  Caching not enabled.
Caching disabled for AarTransform: /home/jules/.gradle/caches/8.13/transforms/923f99dce7e7808241bd9f7674651284/transformed/dagger-lint-aar-2.54 because:
  Build cache is disabled
  Caching not enabled.
Caching disabled for MockableJarTransform: /opt/android-sdk/platforms/android-36/android.jar because:
  Build cache is disabled
Calling mockable JAR artifact transform to create file: /home/jules/.gradle/caches/8.13/transforms/d8e5564a26c91ba7755918444dadbff7-cdd77c80-f9e0-4c73-995a-c70599ab0a8d/transformed/android.jar with input /opt/android-sdk/platforms/android-36/android.jar
Caching disabled for task ':app:testDebugUnitTest' because:
  Build cache is disabled
Task ':app:testDebugUnitTest' is not up-to-date because:
  No history is available.
Starting process 'Gradle Test Executor 1'. Working directory: /app/app Command: /usr/lib/jvm/java-21-openjdk-amd64/bin/java -Djava.awt.headless=true -Djava.library.path=/usr/java/packages/lib:/usr/lib/x86_64-linux-gnu/jni:/lib/x86_64-linux-gnu:/usr/lib/x86_64-linux-gnu:/usr/lib/jni:/lib:/usr/lib:/app/app/src/testDebug/jniLibs:/app/app/src/test/jniLibs -Dorg.gradle.internal.worker.tmpdir=/app/app/build/tmp/testDebugUnitTest/work --add-opens=java.base/java.io=ALL-UNNAMED @/home/jules/.gradle/.tmp/gradle-worker-classpath12805836662340930275txt -Xmx512m -Dfile.encoding=UTF-8 -Duser.country -Duser.language=en -Duser.variant -ea worker.org.gradle.process.internal.worker.GradleWorkerMain 'Gradle Test Executor 1'
Successfully started process 'Gradle Test Executor 1'

Gradle Test Executor 1 started executing tests.
Gradle Test Executor 1 finished executing tests.

> Task :app:testDebugUnitTest

TextUtilsBenchmarkTest > benchmarkExtractChapterLabel STANDARD_OUT
    Baseline: extractChapterLabel took 1532ms for 700000 invocations.
Finished generating test XML results (0.006 secs) into: /app/app/build/test-results/testDebugUnitTest
Generating HTML test report...
Finished generating test html results (0.033 secs) into: /app/app/build/reports/tests/testDebugUnitTest

BUILD SUCCESSFUL in 1m 24s
32 actionable tasks: 13 executed, 19 up-to-date
Some of the file system contents retained in the virtual file system are on file systems that Gradle doesn't support watching. The relevant state was discarded to ensure changes to these locations are properly detected. You can override this by explicitly enabling file system watching.
